district,block,village_name,village_code
-Select District-,-Select Tahasil-,-Select Village-,
Puri,Astarang,ଅନନ୍ତା,1108068
Puri,Astarang,ଅମରାଉଳ,1108093
Puri,Astarang,ଅସନ,1108001
Puri,Astarang,ଅସରଫିପୁର,1108094
Puri,Astarang,ଅସ୍ତରଙ୍ଗ,1108002
Puri,Astarang,ଆଙ୍କୋ,1108095
Puri,Astarang,ଆଡତୀରା,1108049
Puri,Astarang,ଆଳଙ୍ଗପୁର,1108050
Puri,Astarang,ଆଳସାହି,1108069
Puri,Astarang,ଇନାଏତ ପୁର,1108054
Puri,Astarang,ଉଦୟ କଣି,1108055
Puri,Astarang,ଉଦେପୁର,1108046
Puri,Astarang,ଏଡବାଂଶ,1108064
Puri,Astarang,ଓଲରା,1108003
Puri,Astarang,ଓଳିୟା,1108070
Puri,Astarang,ଓସିୟା,1108004
Puri,Astarang,ଓସ୍ତପୁର,1108044
Puri,Astarang,କଟକଣା,1108056
Puri,Astarang,କଣମଣ,1108005
Puri,Astarang,କଣ୍ଟାପଡା,1108096
Puri,Astarang,କନ୍ତପଏଁରା,1108006
Puri,Astarang,କରଞ୍ଜପୁର,1108051
Puri,Astarang,କୁଅଁରପୁର,1108007
Puri,Astarang,କୁଣ୍ଡେଶ୍ଵର,1108097
Puri,Astarang,କୁସୁମ୍ବର,1108008
Puri,Astarang,କୁହୁଡି,1108047
Puri,Astarang,କେଉଟ ଜଙ୍ଗା,1108057
Puri,Astarang,କେନ୍ଦ୍ରାପଟୀ,1108098
Puri,Astarang,କେରେଣ୍ଡିଆପାଳ,1108092
Puri,Astarang,କୋରଣା,1108009
Puri,Astarang,ଖଣ୍ଡାସାହି,1108045
Puri,Astarang,ଗାଙ୍ଗପୁର,1108010
Puri,Astarang,ଗୁଡୁବଣି,1108011
Puri,Astarang,ଗୁଣ୍ଡଳବା,1108012
Puri,Astarang,ଗୋପାଳପୁର,1108013
Puri,Astarang,ଗୋପାଳପୁର,1108052
Puri,Astarang,ଚକ୍ରପଡା,1108014
Puri,Astarang,ଛତିୟାନା,1108090
Puri,Astarang,ଛୁରିଅନା,1108015
Puri,Astarang,ଛେନୁଅଁ,1108058
Puri,Astarang,ଜିଉନ୍ତି,1108099
Puri,Astarang,ଜିଓଳ,1108100
Puri,Astarang,ଝାରଲିଙ୍ଗ,1108071
Puri,Astarang,ଟିମୋର,1108016
Puri,Astarang,ଡମସୁଣ,1108065
Puri,Astarang,ଡିହ କରଡା,1108072
Puri,Astarang,ଡିହ ବେଘାରୀ,1108073
Puri,Astarang,ଡିହନଟା,1108074
Puri,Astarang,ଡେରୁଣିଆ,1108017
Puri,Astarang,ତଣ୍ଡାହାର,1108059
Puri,Astarang,ତାଳଦା,1108066
Puri,Astarang,ଦକ୍ଷିଣ ପନ୍ତାଳ,1108075
Puri,Astarang,ଦକ୍ଷିଣ ମୁଳ,1108076
Puri,Astarang,ଦାଳୁଅକଣି,1108018
Puri,Astarang,ନଇଗୁଆଁ,1108019
Puri,Astarang,ନଗର,1108077
Puri,Astarang,ନଟରା,1108020
Puri,Astarang,ନମାର,1108091
Puri,Astarang,ନରଦା,1108060
Puri,Astarang,ନାଗପୁର,1108021
Puri,Astarang,ନାନପୁର,1108078
Puri,Astarang,ନୁଆକଣି,1108079
Puri,Astarang,ନୁଆଗଡ,1108080
Puri,Astarang,ପଦାସାହି,1108022
Puri,Astarang,ପାଇଖଲା,1108067
Puri,Astarang,ପାଟଳଦା,1108023
Puri,Astarang,ପାଟସୁନ୍ଦରପୁର,1108081
Puri,Astarang,ପିତାପଡା,1108082
Puri,Astarang,ବଙ୍କୁରୀ,1108024
Puri,Astarang,ବଡ ସିରେଇ,1108061
Puri,Astarang,ବଡଓଲା,1108025
Puri,Astarang,ବଡନାନପଡା,1108026
Puri,Astarang,ବନ୍ତିଲୋ,1108027
Puri,Astarang,ବନ୍ଦାରିକରାଳ,1108028
Puri,Astarang,ବନ୍ଦାଳୋ,1108062
Puri,Astarang,ବରପଦା,1108029
Puri,Astarang,ବରାଙ୍ଗ,1108083
Puri,Astarang,ବାରଜଙ୍ଗା,1108030
Puri,Astarang,ବାଲି ପନ୍ତାଳ,1108084
Puri,Astarang,ବିରୁଡି ପନ୍ତାଳ,1108085
Puri,Astarang,ବେଗୁନୀଆ ବସ୍ତ,1108031
Puri,Astarang,ବେଘାରି,1108086
Puri,Astarang,ବେଳଙ୍ଗ,1108032
Puri,Astarang,ମଧୁପୁର,1108087
Puri,Astarang,ମାଣ୍ଡୁକି,1108033
Puri,Astarang,ମାଳଦା,1108034
Puri,Astarang,ମୁଦୁଗଲ,1108101
Puri,Astarang,ରଘୁନାଥପୁର,1108102
Puri,Astarang,ରତନପୁର,1108035
Puri,Astarang,ରାଇବେରୁଆଁ,1108036
Puri,Astarang,ରାମଚନ୍ଦ୍ରପୁର,1108048
Puri,Astarang,ରାହାଖଣ୍ଡୋଳ,1108037
Puri,Astarang,ରିଭର ବ୍ଲକ,1108088
Puri,Astarang,ରିସଲ,1108089
Puri,Astarang,ଶିଶୋ,1108038
Puri,Astarang,ସନ,1108053
Puri,Astarang,ସରିଫପୁର,1108103
Puri,Astarang,ସାନ ସିରେଇ,1108063
Puri,Astarang,ସିୟାଙ୍ଗ,1108039
Puri,Astarang,ସିଲାରି,1108040
Puri,Astarang,ସୁନ୍ଦର,1108041
Puri,Astarang,ସୂଦକେଶର,1108042
Puri,Astarang,ସୋଳପାଟିଆ,1108043
Puri,Brahmagiri,ଅଇନପୁର,1106200
Puri,Brahmagiri,ଅଣତ୍ରୀସ,1106033
Puri,Brahmagiri,ଅଧାଘାଇ,1106049
Puri,Brahmagiri,ଅପିଠୀ,1106125
Puri,Brahmagiri,ଅମଙ୍ଗବାରବାଟୀ,1106198
Puri,Brahmagiri,ଅରଖ କୁଦା,1106056
Puri,Brahmagiri,ଅରୁଆଗୋବିନ୍ଦପୁର,1106138
Puri,Brahmagiri,ଅଲାରପୁର,1106009
Puri,Brahmagiri,ଆନନ୍ଦ ପୁର,1106055
Puri,Brahmagiri,ଆମ୍ବପଡା,1106165
Puri,Brahmagiri,ଆରେଡା,1106166
Puri,Brahmagiri,ଆଳିପଡା,1106156
Puri,Brahmagiri,ଆଳୁ ପାଟଣା,1106107
Puri,Brahmagiri,ଓଟରାମୁଣ୍ଡଳି,1106137
Puri,Brahmagiri,କଟକପଡା,1106024
Puri,Brahmagiri,କଡାଜିତ,1106170
Puri,Brahmagiri,କପିଳେଶ୍ଵରପୁର,1106163
Puri,Brahmagiri,କପିଳେଶ୍ଵରପୁର,1106003
Puri,Brahmagiri,କରିମପୁର,1106076
Puri,Brahmagiri,କହରା,1106132
Puri,Brahmagiri,କହଳ ପଦା,1106028
Puri,Brahmagiri,କାଙ୍କୁଡା,1106171
Puri,Brahmagiri,କାଠୁଆଆରେଡି,1106145
Puri,Brahmagiri,କାଣ୍ଡଗୋଦା,1106191
Puri,Brahmagiri,କାଳିକାବାଡି ନଂ1,1106008
Puri,Brahmagiri,କାଳିକାବାଡି ନଂ2,1106012
Puri,Brahmagiri,କାଶିଆ,1106146
Puri,Brahmagiri,କୁଶୁବେଣ୍ଟୀ,1106041
Puri,Brahmagiri,କୁସୁପୁର,1106139
Puri,Brahmagiri,କୃଷ୍ଣସରଣପୁର,1106178
Puri,Brahmagiri,କେଉଟକୁଦୀ,1106091
Puri,Brahmagiri,କେଶକେରା,1106168
Puri,Brahmagiri,କ୍ଷେତାଣ୍ଡି ନଂ 1,1106042
Puri,Brahmagiri,କ୍ଷେତାଣ୍ଡି ନଂ 2,1106026
Puri,Brahmagiri,ଖଟଫିରିଙ୍ଗି,1106128
Puri,Brahmagiri,ଖଣ୍ଡୁଆଳପୁର,1106077
Puri,Brahmagiri,ଖିଲକଣ୍ଟିଆ,1106019
Puri,Brahmagiri,ଗଉଡରଣପଡା,1106177
Puri,Brahmagiri,ଗଉଡିଆଘାଇ,1106173
Puri,Brahmagiri,ଗଙ୍ଗାଧର ପୁର,1106100
Puri,Brahmagiri,ଗଡ ରୋଡଙ୍ଗ,1106085
Puri,Brahmagiri,ଗମ୍ଭାରି,1106102
Puri,Brahmagiri,ଗିରୋଳ,1106199
Puri,Brahmagiri,ଗୁଞ୍ଜର,1106121
Puri,Brahmagiri,ଗୋଖରା,1106072
Puri,Brahmagiri,ଗୋଦରାବିନ୍ଧା,1106194
Puri,Brahmagiri,ଗୋଦାବରୀ,1106136
Puri,Brahmagiri,ଗୋପାଳି ବ୍ରହ୍ମପୁର,1106135
Puri,Brahmagiri,ଗୋପିନାଥ ପୁର,1106058
Puri,Brahmagiri,ଗୋପିନାଥ ପୁର,1106018
Puri,Brahmagiri,ଗୋପିନାଥ ପୁର ପାଟଣା,1106103
Puri,Brahmagiri,ଗୋବିନ୍ଦ ପୁର,1106022
Puri,Brahmagiri,ଗୋମୁଣ୍ଡି,1106080
Puri,Brahmagiri,ଗୋରାପୁର,1106109
Puri,Brahmagiri,ଗୋରୁଆଳ,1106150
Puri,Brahmagiri,ଗୋଲରା,1106120
Puri,Brahmagiri,ଗୋଲାପୁର,1106101
Puri,Brahmagiri,ଗୌଡ କେରା,1106073
Puri,Brahmagiri,ଗୌଡବନ୍ଧ,1106144
Puri,Brahmagiri,ଘଟକୁଡୀ,1106176
Puri,Brahmagiri,ଘଣପଣ,1106175
Puri,Brahmagiri,ଚକ ଅନ୍ଧାରୀ,1106046
Puri,Brahmagiri,ଚକ ସୁଆଁସ ବଙ୍ଗାଳ,1106044
Puri,Brahmagiri,ଚଢେଇ କୁଦୀ,1106069
Puri,Brahmagiri,ଚଣ୍ଡପଡା,1106182
Puri,Brahmagiri,ଚଣ୍ଡିପୁଟ,1106011
Puri,Brahmagiri,ଚଣ୍ଡ଼ିପୁର,1106023
Puri,Brahmagiri,ଚନ୍ଦ୍ରମରା,1106110
Puri,Brahmagiri,ଚାଣ୍ଡୁ ମଲ୍ଲ,1106052
Puri,Brahmagiri,ଚାପମାଣିକ,1106087
Puri,Brahmagiri,ଚାରି ବାଟିଆ,1106083
Puri,Brahmagiri,ଚୁଡୁଚୁଡାମଣୀ,1106130
Puri,Brahmagiri,ଛତାବର,1106115
Puri,Brahmagiri,ଛୋଟପୁର,1106116
Puri,Brahmagiri,ଜଗଦଳ,1106111
Puri,Brahmagiri,ଜାଆଁଳା,1106039
Puri,Brahmagiri,ଜାଡିପୁର,1106197
Puri,Brahmagiri,ଜେନାପୁର,1106075
Puri,Brahmagiri,ଟୁଆ,1106094
Puri,Brahmagiri,ଡାଣୀ ଗଡିଆ,1106051
Puri,Brahmagiri,ଡିମିରି ସେଣା,1106193
Puri,Brahmagiri,ଡିହପାଞ୍ଚଗଛିଆ,1106142
Puri,Brahmagiri,ଡୁମୁଡୁମା,1106045
Puri,Brahmagiri,ଡେଙ୍ଗ,1106169
Puri,Brahmagiri,ତନ୍ତକେରା,1106017
Puri,Brahmagiri,ତଳ ବଙ୍ଗାଳ,1106047
Puri,Brahmagiri,ତଳମାଳ,1106195
Puri,Brahmagiri,ତାମିଳ କୁଦୀ,1106027
Puri,Brahmagiri,ତାରିଶି,1106054
Puri,Brahmagiri,ତିଅରପାରୀ,1106134
Puri,Brahmagiri,ତିନିକୁଦୀ,1106164
Puri,Brahmagiri,ତୋରଣ,1106167
Puri,Brahmagiri,ଦଣ୍ଡୁଆସିପଡା,1106122
Puri,Brahmagiri,ଦଦରା କୁଣ୍ଡ,1106071
Puri,Brahmagiri,ଦୁଆର ସୁଣି,1106104
Puri,Brahmagiri,ଦେକୁଦୀ,1106021
Puri,Brahmagiri,ଦେନଇ,1106070
Puri,Brahmagiri,ଦୋଅଣୀ,1106082
Puri,Brahmagiri,ଧରଣି କୁଦୀ,1106032
Puri,Brahmagiri,ଧର୍ମକୀର୍ତ୍ତି,1106127
Puri,Brahmagiri,ନଧାଡି ଧ୍ବଜାପାଟଣା,1106050
Puri,Brahmagiri,ନରଗରିଆମଠ,1106004
Puri,Brahmagiri,ନରଣପୁର,1106006
Puri,Brahmagiri,ନରସିଂହ ପାଟଣା,1106158
Puri,Brahmagiri,ନରସିଂହପୁରପାଟଣା,1106157
Puri,Brahmagiri,ନଳକୁଦୀ,1106040
Puri,Brahmagiri,ନାଗେଶ୍ଵର,1106010
Puri,Brahmagiri,ନାଣ୍ଡିପୁର,1106035
Puri,Brahmagiri,ନିଆଜପୁର,1106014
Puri,Brahmagiri,ନିଖିରାଗୋବିନ୍ଦପୁର,1106189
Puri,Brahmagiri,ନିଯଗଡକୋକଲ,1106190
Puri,Brahmagiri,ନିଶୀଭଁର,1106180
Puri,Brahmagiri,ନୁଆଗାଁ,1106099
Puri,Brahmagiri,ପଣସ ପଦା,1106063
Puri,Brahmagiri,ପଦନ ପୁର,1106062
Puri,Brahmagiri,ପଦ୍ମପୁର,1106005
Puri,Brahmagiri,ପଲଙ୍କ,1106025
Puri,Brahmagiri,ପଲ୍ଲି,1106186
Puri,Brahmagiri,ପାରିକୁଳ,1106187
Puri,Brahmagiri,ପିରିଯୀପୁର,1106097
Puri,Brahmagiri,ପୋଡା ଡିହ,1106098
Puri,Brahmagiri,ପୋଡାକେରା,1106188
Puri,Brahmagiri,ବଋଡୀ,1106151
Puri,Brahmagiri,ବଡବନ୍ଧକେରା,1106140
Puri,Brahmagiri,ବଡବାଲି,1106196
Puri,Brahmagiri,ବଡବେଣାକୁଦୀ,1106066
Puri,Brahmagiri,ବନମାଳି ପୁର ପାଟଣା,1106105
Puri,Brahmagiri,ବନ୍ଦାଳ,1106153
Puri,Brahmagiri,ବରପଦା,1106155
Puri,Brahmagiri,ବରଯଙ୍ଗା,1106152
Puri,Brahmagiri,ବାଘମୁଣ୍ଡା,1106108
Puri,Brahmagiri,ବାଙ୍କୀଜଳ,1106106
Puri,Brahmagiri,ବାର ବାଟିଆ,1106038
Puri,Brahmagiri,ବାରିକ ନୁଆପଡା,1106036
Puri,Brahmagiri,ବାଲୀକେରାପଛିପାଳ,1106172
Puri,Brahmagiri,ବାସନ ପୁର,1106034
Puri,Brahmagiri,ବାହାର କଦଳୀ,1106092
Puri,Brahmagiri,ବିଦୁରବାଙ୍କ,1106131
Puri,Brahmagiri,ବିଲପାଞ୍ଚଗଛିଆ,1106141
Puri,Brahmagiri,ବୀଜିପୁର,1106143
Puri,Brahmagiri,ବୁଦ୍ଧି ସାହି ନଂ2,1106086
Puri,Brahmagiri,ବୁଦ୍ଧିସାହି ନଂ 1,1106015
Puri,Brahmagiri,ବୁଧଙ୍ଗ,1106181
Puri,Brahmagiri,ବେଙ୍ଗମା,1106029
Puri,Brahmagiri,ବେଣ୍ଟପୁର,1106016
Puri,Brahmagiri,ବ୍ରହ୍ମଗିରି,1106001
Puri,Brahmagiri,ବ୍ରହ୍ମପୁର,1106133
Puri,Brahmagiri,ବ୍ରାହ୍ମଣିଆ,1106048
Puri,Brahmagiri,ଭଗବାନ ପୁର,1106057
Puri,Brahmagiri,ଭଣ୍ଡାରବର,1106129
Puri,Brahmagiri,ଭଣ୍ଡାରିକୁଦା,1106117
Puri,Brahmagiri,ଭିତରକଦଳୀ,1106013
Puri,Brahmagiri,ଭୁବନ ପତି,1106123
Puri,Brahmagiri,ଭୁବନ ପୁର,1106067
Puri,Brahmagiri,ଭୁବନ ପୁର,1106068
Puri,Brahmagiri,ମଣପଡା,1106113
Puri,Brahmagiri,ମତମତପୁର,1106007
Puri,Brahmagiri,ମନାପୁର,1106183
Puri,Brahmagiri,ମହାରାଜ ପୁର,1106037
Puri,Brahmagiri,ମାଛିଆ ଦିଆଣ୍ଡି,1106079
Puri,Brahmagiri,ମାଟିଆପଡା,1106126
Puri,Brahmagiri,ମାଣିକ ପାଟଣା,1106060
Puri,Brahmagiri,ମିର୍ଜା ପୁର,1106061
Puri,Brahmagiri,ମୁଣ୍ଡାଳ,1106192
Puri,Brahmagiri,ମୂଦିରଥ,1106078
Puri,Brahmagiri,ଯଦୁପୁର,1106059
Puri,Brahmagiri,ରଣପଡା,1106112
Puri,Brahmagiri,ରାଏ ବିଧାର,1106118
Puri,Brahmagiri,ରାଏ ସିମୁଳି,1106119
Puri,Brahmagiri,ରାଏକେରା,1106184
Puri,Brahmagiri,ରାଏଘାଟ,1106147
Puri,Brahmagiri,ରାମଚନ୍ଦ୍ରପୁର,1106185
Puri,Brahmagiri,ରାମେଶ୍ଵର ପୁର,1106064
Puri,Brahmagiri,ରାହାଡମଲ,1106174
Puri,Brahmagiri,ରେଣ୍ଢାଗଡ,1106154
Puri,Brahmagiri,ରେବଣାନୁଆଗାଁ,1106148
Puri,Brahmagiri,ଲୁଣିଆ ପଦର,1106031
Puri,Brahmagiri,ଶ୍ରୀକତ ନୁଆପଡା,1106114
Puri,Brahmagiri,ଷଣ୍ଢପୁର,1106159
Puri,Brahmagiri,ସାତପଡା,1106093
Puri,Brahmagiri,ସାନ ବସନ୍ତ ପୁର,1106095
Puri,Brahmagiri,ସାନବନ୍ଧକେରା,1106020
Puri,Brahmagiri,ସାନବେଣାକୁଦୀ,1106084
Puri,Brahmagiri,ସାଲେପୁର,1106088
Puri,Brahmagiri,ସାହାଣିକେରା,1106179
Puri,Brahmagiri,ସାହାଯାନ ପୁର,1106089
Puri,Brahmagiri,ସାହାସ ପୁର ନଂ1,1106030
Puri,Brahmagiri,ସିଆରା,1106065
Puri,Brahmagiri,ସିପ କୁଦ ପାଟଣା,1106096
Puri,Brahmagiri,ସିପ ଶୁରୁବିଲ,1106160
Puri,Brahmagiri,ସିପସୁରୁବିଲି,1106002
Puri,Brahmagiri,ସିସୁପୁର,1106124
Puri,Brahmagiri,ସୁଆଁସ ବଙ୍ଗାଳ,1106043
Puri,Brahmagiri,ହରି ଦାସ,1106053
Puri,Brahmagiri,ହରିଚନ୍ଦନ ପୁର,1106074
Puri,Brahmagiri,ହାଣ୍ଡିଆଳୀ,1106081
Puri,Brahmagiri,ହାତିଆ,1106149
Puri,Brahmagiri,ହାସିମ ପୁର,1106090
Puri,Delanga,ଅଭୟମୁଖୀ ରାମଚନ୍ଦ୍ର ପୁର,1109129
Puri,Delanga,ଅମାଳଙ୍ଗ,1109029
Puri,Delanga,ଅମୃତପୁର,1109030
Puri,Delanga,ଅରାଗଡ଼,1109045
Puri,Delanga,ଅରିଶାଲ,1109001
Puri,Delanga,ଅଲଅତା ବେଲପଡା,1109018
Puri,Delanga,ଆଙ୍କୁଲା,1109031
Puri,Delanga,ଆଙ୍କୋଇ,1109063
Puri,Delanga,ଆୟତନଡ଼ୁଆ,1109089
Puri,Delanga,ଆରଦା,1109130
Puri,Delanga,ଇନ୍ଦିପୁର ଦେଉଳି,1109131
Puri,Delanga,ଉଡତରବୋଇ,1109085
Puri,Delanga,ଉଦୟ ପୁର,1109090
Puri,Delanga,ଓଡାଳଙ୍ଗ,1109008
Puri,Delanga,କଣାଫାସିଆ,1109043
Puri,Delanga,କରିମୁଳ,1109057
Puri,Delanga,କଲ୍ୟାଣ ପୁର,1109058
Puri,Delanga,କିଆଲଣ୍ଡା,1109068
Puri,Delanga,କୁଂଜର,1109123
Puri,Delanga,କୁମୁଣ୍ଡାଳ,1109064
Puri,Delanga,ଖଣ୍ଡିଗାଁ,1109009
Puri,Delanga,ଖଣ୍ଡିମଙ୍ଗଳପୁର,1109002
Puri,Delanga,ଖେଲାଉର,1109010
Puri,Delanga,ଗଉରାଦେଇପୁର,1109032
Puri,Delanga,ଗଙ୍ଗପୁର,1109113
Puri,Delanga,ଗଙ୍ଗପୁର ପାଟଣା,1109114
Puri,Delanga,ଗଡ ମୋଟରୀ,1109065
Puri,Delanga,ଗଡବେଗୁନିଆ ପଡା,1109115
Puri,Delanga,ଗଣ୍ଡପଡା,1109066
Puri,Delanga,ଗୁଆବାଟି,1109102
Puri,Delanga,ଗୁଆଳି ପଡା,1109019
Puri,Delanga,ଗୁଡ ପାଇଲୋ,1109020
Puri,Delanga,ଗୋଡୀପୁଟ ମାଟିଆ ପଡା,1109046
Puri,Delanga,ଗୋପପାଟଣା,1109116
Puri,Delanga,ଗୋବିନ୍ଦ ପୁର,1109069
Puri,Delanga,ଗୋଲାପଡା,1109047
Puri,Delanga,ଘନିପୁର,1109117
Puri,Delanga,ଚନ୍ଦ୍ରକୋଟ,1109070
Puri,Delanga,ଚାଇଁପୁର,1109099
Puri,Delanga,ଚାନ୍ଦୋଳ,1109021
Puri,Delanga,ଚିତଳପୁର,1109124
Puri,Delanga,ଛଦଉଡି,1109040
Puri,Delanga,ଛବାଟିଆ,1109071
Puri,Delanga,ଜଗଦଳପୁର,1109033
Puri,Delanga,ଜମୁନା ଝାଡପଡା,1109048
Puri,Delanga,ଜୟପୁର,1109003
Puri,Delanga,ଜେନାପୁର 2,1109081
Puri,Delanga,ଜେନାପୁର 3,1109082
Puri,Delanga,ଜେନାପୁର 4,1109083
Puri,Delanga,ଜେନାପୁର ନଂ 1,1109084
Puri,Delanga,ଟୋଲାପଡା,1109072
Puri,Delanga,ଡମପୁର,1109091
Puri,Delanga,ଡାକପଡା,1109015
Puri,Delanga,ଡେଲାଙ୍ଗ କୋଠବାଡ,1109034
Puri,Delanga,ତିଗିରିଆ,1109118
Puri,Delanga,ତିଗିରିଆ,1109103
Puri,Delanga,ଥେଣ୍ଟଣା,1109125
Puri,Delanga,ଦନାପଡା,1109104
Puri,Delanga,ଦାଳୁଆ ନୁଆପଡା,1109119
Puri,Delanga,ଦେକଞ୍ଚି,1109044
Puri,Delanga,ଦେପୁର,1109073
Puri,Delanga,ଦେପୁର ଶାସନ,1109074
Puri,Delanga,ଧାନକେରା ଏଗାରପଣ,1109132
Puri,Delanga,ଧାନକେରା ପାଞ୍ଚପଣ,1109133
Puri,Delanga,ନାଗଣ,1109136
Puri,Delanga,ନାରପୁର,1109004
Puri,Delanga,ନିପୁର,1109100
Puri,Delanga,ନୁଆଗଡ,1109041
Puri,Delanga,ନୁଆଗାଁ,1109011
Puri,Delanga,ପଞ୍ଚୁପଲ୍ଲା,1109025
Puri,Delanga,ପଟଣ ପୁର,1109035
Puri,Delanga,ପଡାଦେଇପୁର,1109075
Puri,Delanga,ପିଢ଼ପାଟଣା,1109092
Puri,Delanga,ପୋଷଲ,1109076
Puri,Delanga,ପ୍ରଚଣ୍ଡ ପୁର,1109134
Puri,Delanga,ପ୍ରହରାଜ ପୁର,1109093
Puri,Delanga,ବଙ୍କିଲୋ,1109005
Puri,Delanga,ବଙ୍ଗ,1109049
Puri,Delanga,ବଡ ତରଡା,1109050
Puri,Delanga,ବରୁଣ ବିନ୍ଧା,1109027
Puri,Delanga,ବସନ୍ତ ପୁର,1109101
Puri,Delanga,ବାଘିଲିପାରି,1109036
Puri,Delanga,ବାତୋଳ,1109067
Puri,Delanga,ବାଲିହୁଙ୍କା,1109059
Puri,Delanga,ବାସୁମଣ୍ଡଳ,1109105
Puri,Delanga,ବିତିପୁର,1109120
Puri,Delanga,ବିଦିର ପୁର,1109126
Puri,Delanga,ବିଳାସ ପୁର,1109127
Puri,Delanga,ବୀର ମକୁନ୍ଦପୁର,1109135
Puri,Delanga,ବୁଆଲି,1109086
Puri,Delanga,ବେନୁପଡା,1109037
Puri,Delanga,ବେରବୋଇ,1109094
Puri,Delanga,ବୋଳକଣା,1109022
Puri,Delanga,ବ୍ରହ୍ମପୁର,1109012
Puri,Delanga,ବ୍ରହ୍ମେଶ୍ଵର ପୁର,1109095
Puri,Delanga,ବ୍ରାହ୍ମଣତରାବୋଇ,1109006
Puri,Delanga,ଭସଁର,1109051
Puri,Delanga,ମଣିଜପୁର,1109088
Puri,Delanga,ମଳିଗାଁ,1109106
Puri,Delanga,ମାଛପଡା,1109028
Puri,Delanga,ମାଝୀବାଡ,1109052
Puri,Delanga,ମାଣତିରୀ,1109053
Puri,Delanga,ମୁନିନ୍ଦା,1109023
Puri,Delanga,ମୋହନ ପୁର,1109016
Puri,Delanga,ଯାଜପୁର,1109013
Puri,Delanga,ଯୋକନଡୁଆ,1109096
Puri,Delanga,ଯୋକନଡୁଆଚକ,1109097
Puri,Delanga,ଯୋରକଣି,1109121
Puri,Delanga,ରଇଁସୋଲ,1109014
Puri,Delanga,ରତନ ପୁର,1109042
Puri,Delanga,ରାଢୋ,1109060
Puri,Delanga,ରାମଚନ୍ଦ୍ର ପୁର,1109038
Puri,Delanga,ରେଙ୍ଗଳ,1109054
Puri,Delanga,ରେଞ୍ଚ,1109098
Puri,Delanga,ଶଙ୍ଖପାଟ,1109017
Puri,Delanga,ଶାଉରିଆ,1109122
Puri,Delanga,ଶିଶୁଆପଡା,1109061
Puri,Delanga,ଶ୍ରୀପତି ପୁର,1109077
Puri,Delanga,ଶ୍ରୀପୁରୁଷୋତ୍ତମପୁର,1109128
Puri,Delanga,ଷଡାଙ୍ଗୋଇ ଦକ୍ଷିଣ ବାଡ,1109107
Puri,Delanga,ସଡାଙ୍ଗୋଇ ଉତ୍ତର ବାଡ,1109108
Puri,Delanga,ସଡାଙ୍ଗୋଇ ପଶ୍ଚିମବାଡ,1109109
Puri,Delanga,ସାତବାଟିଆ ଓରଫ ପ୍ରହରାଜପୁର,1109087
Puri,Delanga,ସାଦପଡା ନଂ 1,1109078
Puri,Delanga,ସାଦପଡା ନଂ 2,1109079
Puri,Delanga,ସାନବେଗୁନିଆ ପଡା,1109055
Puri,Delanga,ସିଂହବ୍ରହ୍ମପୁର ପଶ୍ଚିମବାଡ,1109110
Puri,Delanga,ସିଂହବ୍ରହ୍ମପୁର ପୂର୍ବବାଡ,1109111
Puri,Delanga,ସିଘାଂରକେରି,1109007
Puri,Delanga,ସୁଜନ ପୁର,1109039
Puri,Delanga,ସୁରଙ୍ଗପୁର,1109112
Puri,Delanga,ସେବତୀ ପୁର ପୂର୍ବପାରୀ,1109024
Puri,Delanga,ସେବତୀପୁର ପଶ୍ଚିମପାରି,1109062
Puri,Delanga,ହରିରାଜ ପୁର,1109056
Puri,Delanga,ହାକପଡା,1109080
Puri,Delanga,ହୁମର,1109026
Puri,Gop,ଅଇଁଗୋଳ,1110213
Puri,Gop,ଅଚୁତପୁର,1110174
Puri,Gop,ଅଟାଇଲୋ,1110214
Puri,Gop,ଅଣ୍ଢ୍ରାଇଛାପୁର,1110048
Puri,Gop,ଅନସରା,1110079
Puri,Gop,ଅନ୍ତରକୂଳ,1110001
Puri,Gop,ଅରେଇ,1110202
Puri,Gop,ଅଲଣା,1110215
Puri,Gop,ଅଲଣ୍ଡା,1110142
Puri,Gop,ଆଠଖୁରା,1110080
Puri,Gop,ଆଢଣା,1110002
Puri,Gop,ଆମପଡା,1110190
Puri,Gop,ଆମ୍ବିଳିଗାଁ,1110075
Puri,Gop,ଆଲପୁର,1110175
Puri,Gop,ଆଳଶଙ୍ଖା,1110173
Puri,Gop,ଆଳିସୀ,1110143
Puri,Gop,ଇଞ୍ଚରା,1110123
Puri,Gop,ଇଞ୍ଚୋଳ,1110124
Puri,Gop,ଇତିଭୁଆଁ,1110144
Puri,Gop,ଇଲାଜଙ୍ଗ,1110145
Puri,Gop,ଇଶାଣ ପୁର,1110191
Puri,Gop,ଉଚ୍ଛୁପୁର,1110110
Puri,Gop,ଉରୁଆଳି,1110146
Puri,Gop,ଏରବଙ୍ଗ,1110023
Puri,Gop,ଓଗାଳପୁର,1110081
Puri,Gop,ଓଟର ଶାସନ,1110203
Puri,Gop,ଓଟାଙ୍ଗ,1110216
Puri,Gop,ଓଡମ୍ବା,1110049
Puri,Gop,ଓରତଣ୍ଡା,1110003
Puri,Gop,ଓରେଇ,1110062
Puri,Gop,ଓଲଣ୍ଡୀ,1110004
Puri,Gop,କଣ୍ଟାପଡା,1110147
Puri,Gop,କଣ୍ଟି,1110024
Puri,Gop,କଣ୍ଟିଝାଡି,1110082
Puri,Gop,କପୂରକୁଞ୍ଚା,1110021
Puri,Gop,କବିରାଜପୁର,1110148
Puri,Gop,କରମଙ୍ଗା,1110104
Puri,Gop,କରମଙ୍ଗା,1110217
Puri,Gop,କାଳିଆପୋଖରୀ,1110005
Puri,Gop,କୁଆଁପଡା,1110149
Puri,Gop,କୁଣ୍ଡିସ,1110063
Puri,Gop,କୁଣ୍ଢେଇଚାଉଳ,1110064
Puri,Gop,କୁନଙ୍ଗ,1110083
Puri,Gop,କୁରୁଜଙ୍ଗା,1110125
Puri,Gop,କୁଶିଙ୍ଗା,1110050
Puri,Gop,କୁସପୁର,1110034
Puri,Gop,କେଉତୁଙ୍ଗା,1110076
Puri,Gop,କୋଣାର୍କ,1110105
Puri,Gop,କୋପରା,1110077
Puri,Gop,କୋରୁଆଳ,1110218
Puri,Gop,କୋଲର,1110192
Puri,Gop,କୋଶଳଦା,1110051
Puri,Gop,ଖଗିପୁର,1110176
Puri,Gop,ଖଣ୍ଡମୁହାଣ,1110111
Puri,Gop,ଖଣ୍ଡସାହି,1110006
Puri,Gop,ଖରଗାଁ,1110185
Puri,Gop,ଖରୀସୋ,1110035
Puri,Gop,ଖଳକଟା,1110183
Puri,Gop,ଖାଣିଜ ପୁର,1110193
Puri,Gop,ଗଇଁଣ୍ଡୋଳ,1110129
Puri,Gop,ଗଡକରମଳା,1110025
Puri,Gop,ଗଡଜଙ୍ଗା,1110036
Puri,Gop,ଗଡବାଙ୍ଗର,1110150
Puri,Gop,ଗଡଭିଙ୍ଗୁରା,1110130
Puri,Gop,ଗଡରୂପାସ,1110084
Puri,Gop,ଗଡସିଠା,1110037
Puri,Gop,ଗଣେଶ୍ଵରପୁର,1110052
Puri,Gop,ଗବଡୀହ,1110007
Puri,Gop,ଗଳଦାରୀ,1110053
Puri,Gop,ଗାଗପୁର,1110106
Puri,Gop,ଗିରିମା,1110030
Puri,Gop,ଗିରିମାକାଆଁରା,1110065
Puri,Gop,ଗୁଣ୍ଡି,1110085
Puri,Gop,ଗୁନିଆ,1110008
Puri,Gop,ଗୋପ,1110038
Puri,Gop,ଗୋଲପୁର,1110151
Puri,Gop,ଚଟାବରାଇ,1110152
Puri,Gop,ଚଟୋଳ,1110112
Puri,Gop,ଚଢେଇଗାଁ,1110153
Puri,Gop,ଚିତ୍ରା,1110066
Puri,Gop,ଛଇତନା,1110131
Puri,Gop,ଜଖରା,1110154
Puri,Gop,ଜଙ୍ଗଲ ବୋରୀ,1110187
Puri,Gop,ଜମରା,1110039
Puri,Gop,ଜିରକଣା,1110040
Puri,Gop,ଜୁଣେଇ ଓରଫ ରଣପଡା,1110086
Puri,Gop,ଡଭାର,1110009
Puri,Gop,ତରକୋର,1110177
Puri,Gop,ତରହଣା,1110113
Puri,Gop,ତାଳକପା,1110114
Puri,Gop,ତିରୁଣା,1110219
Puri,Gop,ତିଳକୁସୁମା,1110067
Puri,Gop,ତିଳପଦାଗଡ,1110054
Puri,Gop,ଥୋରବ,1110132
Puri,Gop,ଦଳଭା,1110170
Puri,Gop,ଦିଗିତପୁର,1110115
Puri,Gop,ଦିହୁଡା,1110055
Puri,Gop,ଦୁବତରା,1110155
Puri,Gop,ଦୁର୍ଗାପୁର,1110220
Puri,Gop,ଦୁର୍ଗେଶ୍ଵର,1110204
Puri,Gop,ଦେସୁଣ୍ଠି,1110194
Puri,Gop,ଦେସ୍ଥଳୀ,1110195
Puri,Gop,ଦୋପଡା,1110156
Puri,Gop,ଦୋହିତାଖଣ୍ଡ,1110231
Puri,Gop,ଧୂମାଲୋ,1110196
Puri,Gop,ନଇରାଶାସନ,1110010
Puri,Gop,ନଖିସାହି,1110133
Puri,Gop,ନରସିଂହପୁର ଶାସନ,1110197
Puri,Gop,ନରସିଂହପୁର ହାଟ,1110198
Puri,Gop,ନରୋଡ,1110041
Puri,Gop,ନାଗପୁର,1110157
Puri,Gop,ନାରୁଅ,1110158
Puri,Gop,ନାଲିହଣା,1110134
Puri,Gop,ନାହିଟି,1110026
Puri,Gop,ନିପାଣିଆ,1110188
Puri,Gop,ନିଳକଣ୍ଠପଡା,1110135
Puri,Gop,ନୀଗୁଣ୍ଡି,1110033
Puri,Gop,ନୁଆଖୋଲମରା,1110011
Puri,Gop,ନୁଣହାର,1110056
Puri,Gop,ନୂଆଗାଁ,1110087
Puri,Gop,ପଇତାବରେଇ,1110088
Puri,Gop,ପରାଳ,1110159
Puri,Gop,ପହରା,1110042
Puri,Gop,ପାଇକପଡା,1110136
Puri,Gop,ପାଞ୍ଚଣା,1110221
Puri,Gop,ପାଟଳିଆ,1110031
Puri,Gop,ପାଣିସିଉଳି,1110160
Puri,Gop,ପାରିଓରେଇ,1110068
Puri,Gop,ପାରିକଣ୍ଟିଆ,1110057
Puri,Gop,ପାରିଚଢାଇ,1110126
Puri,Gop,ପିଣ୍ଡୋଳ,1110205
Puri,Gop,ପୁଟୁପଡା,1110161
Puri,Gop,ପୋଡତରା,1110162
Puri,Gop,ପୋଦନା,1110208
Puri,Gop,ଫଣଫଣା,1110137
Puri,Gop,ବଇରିପୁର,1110127
Puri,Gop,ବଉଲାଙ୍ଗ,1110209
Puri,Gop,ବଗଳେଇ,1110089
Puri,Gop,ବଟଳିଭୁଆଁ,1110139
Puri,Gop,ବଡଆଳଇ,1110012
Puri,Gop,ବଡକିଆପାଳ,1110222
Puri,Gop,ବଡକିଳା,1110069
Puri,Gop,ବଡକୁନ୍ଦୁରା,1110078
Puri,Gop,ବଡଗାଁ,1110163
Puri,Gop,ବଡତରା,1110090
Puri,Gop,ବଡମାଛମରା,1110223
Puri,Gop,ବଣହରା,1110210
Puri,Gop,ବଣିଆସାହି,1110116
Puri,Gop,ବନାଖଣ୍ଡି,1110091
Puri,Gop,ବନ୍ତଳିଗାଁ,1110128
Puri,Gop,ବନ୍ଦାଳୋ,1110178
Puri,Gop,ବମ,1110179
Puri,Gop,ବରିମୁଣ୍ଡ,1110224
Puri,Gop,ବାଁବରଡା,1110164
Puri,Gop,ବାଙ୍କୀପୁର,1110171
Puri,Gop,ବାଙ୍ଗୋର,1110186
Puri,Gop,ବାଟୁଳିଆ ଓରଫ କେଶରପୁର,1110140
Puri,Gop,ବାଣିଲୋ,1110092
Puri,Gop,ବାୟାକୁଦା ଓରଫ ପୁରସ୍ତମ ପୁର,1110043
Puri,Gop,ବାଲିବସ୍ତ,1110013
Puri,Gop,ବାହାରଣା,1110093
Puri,Gop,ବାହାରଦରୀଗାଁ,1110014
Puri,Gop,ବିରତୁଙ୍ଗ,1110027
Puri,Gop,ବିଶରପୁର,1110044
Puri,Gop,ବିଶରପୁର,1110058
Puri,Gop,ବିଶୁଳି ପଡା,1110189
Puri,Gop,ବେଗୁନୀଆ,1110094
Puri,Gop,ବେଦପୁର,1110095
Puri,Gop,ବେରୁହଁ,1110107
Puri,Gop,ବେହେରେଡା,1110117
Puri,Gop,ଭଇରପୁର,1110230
Puri,Gop,ଭଦିଶ,1110019
Puri,Gop,ଭାରଗୋଳ,1110199
Puri,Gop,ଭିତରଦରିଗାଁ,1110015
Puri,Gop,ଭିୟାଁପଡା,1110211
Puri,Gop,ଭୀମପୁର,1110141
Puri,Gop,ଭୁଆଁ,1110165
Puri,Gop,ଭୋଗପଡା,1110070
Puri,Gop,ମଣ୍ଡାପୋଖରୀ,1110071
Puri,Gop,ମଦରଙ୍ଗ,1110166
Puri,Gop,ମନାପଡା,1110028
Puri,Gop,ମରଦ,1110029
Puri,Gop,ମଲ୍ଲଗାଁ,1110103
Puri,Gop,ମହଲପଡା,1110072
Puri,Gop,ମହାପୁର,1110118
Puri,Gop,ମାଞ୍ଚିଆ,1110167
Puri,Gop,ମାଟିଆପଡା,1110096
Puri,Gop,ମାଧିପୁର,1110108
Puri,Gop,ମାହାଙ୍ଗା,1110045
Puri,Gop,ମୁରୁଡା,1110225
Puri,Gop,ମୁର୍କୁଣ୍ଡି,1110097
Puri,Gop,ମୁଳିସାହି,1110109
Puri,Gop,ଯନ୍ତ୍ରଣା,1110098
Puri,Gop,ଯୋଗେଶ୍ଵର ପୁର,1110200
Puri,Gop,ରଙ୍କୋଇ,1110020
Puri,Gop,ରାହାଙ୍ଗ ଗୋରଡା,1110016
Puri,Gop,ରୁପାସ,1110180
Puri,Gop,ରୁଷିପଡା,1110119
Puri,Gop,ରେଢୁଆ,1110073
Puri,Gop,ଶଙ୍ଖତୀରା,1110022
Puri,Gop,ଶାଗେଣା,1110120
Puri,Gop,ଶିରୀହଣା,1110138
Puri,Gop,ଶିଶୋ,1110059
Puri,Gop,ଶୀରିପୁର,1110102
Puri,Gop,ଶୋଭନପୁର,1110060
Puri,Gop,ଶ୍ରୀକେରଣ୍ଡା,1110061
Puri,Gop,ଷୋଳପୁର,1110172
Puri,Gop,ସଡାଂଶ,1110121
Puri,Gop,ସଦାନନ୍ଦପୁର,1110181
Puri,Gop,ସନ୍ତରସ,1110017
Puri,Gop,ସମାଆଙ୍କୁଲା,1110226
Puri,Gop,ସାଉରିଆ,1110032
Puri,Gop,ସାନ ଆଳଇ,1110018
Puri,Gop,ସାନକିଆପାଳ,1110227
Puri,Gop,ସାନକୁନ୍ଦୁରା,1110074
Puri,Gop,ସାରଡା,1110099
Puri,Gop,ସାରୋଡ,1110046
Puri,Gop,ସାହୁଖଣତା,1110184
Puri,Gop,ସିଠୁରା,1110228
Puri,Gop,ସିମିଳି,1110100
Puri,Gop,ସିମୁଳି,1110206
Puri,Gop,ସିରେଇ,1110201
Puri,Gop,ସୁଆରୋ,1110212
Puri,Gop,ସୁଜାନଗର,1110168
Puri,Gop,ସୁତନ,1110182
Puri,Gop,ସୁଦଖଣ୍ଡ,1110122
Puri,Gop,ସୋରଭା,1110229
Puri,Gop,ସୋହଣା,1110207
Puri,Gop,ହନ୍ତସୁରା,1110101
Puri,Gop,ହାଇଙ୍ଗରା,1110169
Puri,Gop,ହେଲାରୀ,1110047
Puri,Kakatpur,ଅଣି ପାଟିଆ,1105183
Puri,Kakatpur,ଅନନ୍ତପୁର,1105092
Puri,Kakatpur,ଅବଦାନ,1105182
Puri,Kakatpur,ଆଜମପୁର,1105093
Puri,Kakatpur,ଆଡୁଆଳ,1105185
Puri,Kakatpur,ଆରୁହା,1105184
Puri,Kakatpur,ଇଟାପଦା,1105094
Puri,Kakatpur,ଉପୁଳା,1105186
Puri,Kakatpur,ଓଡସ ମଳ,1105188
Puri,Kakatpur,ଓଥକା,1105130
Puri,Kakatpur,ଓରେଇ,1105187
Puri,Kakatpur,ଓସଳଙ୍ଗ,1105189
Puri,Kakatpur,କଂସିଲୋ,1105195
Puri,Kakatpur,କଜଳ ପାତିଆ,1105190
Puri,Kakatpur,କଟକଣା,1105098
Puri,Kakatpur,କଣିଆ,1105261
Puri,Kakatpur,କଣ୍ଟାପଡା,1105131
Puri,Kakatpur,କନ୍ତିମଳା,1105264
Puri,Kakatpur,କନ୍ଦଳପୁର,1105096
Puri,Kakatpur,କରୁଣା,1105097
Puri,Kakatpur,କଲମ ପାଟ,1105263
Puri,Kakatpur,କଳମ,1105262
Puri,Kakatpur,କାକଟପୁର,1105099
Puri,Kakatpur,କାଦୁଆ ନୁଆଗାଁ,1105191
Puri,Kakatpur,କାହାଳ,1105082
Puri,Kakatpur,କିଆକଣି,1105265
Puri,Kakatpur,କୁଅପଦା,1105100
Puri,Kakatpur,କୁଞ୍ଜ,1105193
Puri,Kakatpur,କୁଣ୍ଢେଇ,1105101
Puri,Kakatpur,କୁରିଜଙ୍ଗ,1105192
Puri,Kakatpur,କୁରୁଜଙ୍ଗା,1105102
Puri,Kakatpur,କୁରୁମ,1105194
Puri,Kakatpur,କୋତାଙ୍ଗ,1105267
Puri,Kakatpur,ଖନ୍ଦୋଳ,1105196
Puri,Kakatpur,ଖେରଙ୍ଗ,1105197
Puri,Kakatpur,ଗଡନାୟରଛଡା,1105105
Puri,Kakatpur,ଗୁହାଳ ପୁର,1105198
Puri,Kakatpur,ଗୋକୁଳପୁର,1105106
Puri,Kakatpur,ଗୋଧନପଡା,1105199
Puri,Kakatpur,ଗୋପୀକାନ୍ତପୁର,1105132
Puri,Kakatpur,ଚଟୁଅଣକ,1105200
Puri,Kakatpur,ଚମ୍ପାହାର,1105201
Puri,Kakatpur,ଛେଳି ବେରୁହାଁ,1105202
Puri,Kakatpur,ଛୋଟରାପୁର,1105107
Puri,Kakatpur,ଛୋଟୀପଡା,1105269
Puri,Kakatpur,ଜଗନ୍ନାଥ ପଡା,1105203
Puri,Kakatpur,ଜମରା,1105205
Puri,Kakatpur,ଜଳେଶ୍ଵରପଡା,1105119
Puri,Kakatpur,ଟିକରପଡା,1105270
Puri,Kakatpur,ତଇଲୋ,1105206
Puri,Kakatpur,ତୟା,1105271
Puri,Kakatpur,ତରତୋ,1105108
Puri,Kakatpur,ତାଳଶୁଆଁ,1105207
Puri,Kakatpur,ତୁଳାମାଳ,1105133
Puri,Kakatpur,ତେନ୍ତୁଳିଆ,1105273
Puri,Kakatpur,ଦୁଧିଆବର,1105208
Puri,Kakatpur,ଦେଉଳି,1105109
Puri,Kakatpur,ଧନତିରି,1105209
Puri,Kakatpur,ନରଣ ପୁର,1105210
Puri,Kakatpur,ନରଣପୁର,1105110
Puri,Kakatpur,ନରୁଆଶଙ୍କରେଶ୍ଵର,1105111
Puri,Kakatpur,ନାସିକେଶ୍ଵର,1105275
Puri,Kakatpur,ପଲାବସ୍ତ,1105211
Puri,Kakatpur,ପାଟପୁର,1105112
Puri,Kakatpur,ପାଟସୁନ୍ଦର ପୁର,1105134
Puri,Kakatpur,ପାଟେଳିଗାଁ,1105113
Puri,Kakatpur,ପୂବେଇ,1105212
Puri,Kakatpur,ପ୍ରହରାଜ ପୁର,1105135
Puri,Kakatpur,ଫଣଫଣା,1105136
Puri,Kakatpur,ଫୁରୁଷି ପଡା,1105213
Puri,Kakatpur,ବଡଓଳଙ୍ଗର,1105114
Puri,Kakatpur,ବଡକୂଷ୍ଟି,1105214
Puri,Kakatpur,ବବୁଆ,1105218
Puri,Kakatpur,ବଲରା,1105137
Puri,Kakatpur,ବାଁ ବରଡା,1105219
Puri,Kakatpur,ବାଗଲ,1105215
Puri,Kakatpur,ବାଙ୍ଗୁରୀ ଗ୍ରାମ,1105279
Puri,Kakatpur,ବାଜପୁର,1105115
Puri,Kakatpur,ବାଣିଆ,1105278
Puri,Kakatpur,ବାମରା,1105216
Puri,Kakatpur,ବିଅଁଳ,1105217
Puri,Kakatpur,ବିଭୂତିପୁର,1105116
Puri,Kakatpur,ବେଲାରି ଝାଟୀଆ,1105220
Puri,Kakatpur,ବୋଦ ରାଉଳ,1105280
Puri,Kakatpur,ଭଣ୍ଡାଗଡ,1105117
Puri,Kakatpur,ଭଣ୍ଡିସାହି,1105138
Puri,Kakatpur,ଭାଣପୁର,1105221
Puri,Kakatpur,ମହାଦେବ ବସ୍ତ,1105139
Puri,Kakatpur,ମୁରୁଦାବାଦ,1105222
Puri,Kakatpur,ମୁଳାଗଡ,1105118
Puri,Kakatpur,ଯମତଳା,1105204
Puri,Kakatpur,ଯୋଗନିଦ୍ରା,1105223
Puri,Kakatpur,ରତାଗଡ,1105121
Puri,Kakatpur,ରାଏସ,1105254
Puri,Kakatpur,ରୁଙ୍କେଇ,1105120
Puri,Kakatpur,ଲତାହରଣ,1105122
Puri,Kakatpur,ଶନ୍ତରଶ,1105224
Puri,Kakatpur,ଶ୍ରୀ ଚନ୍ଦନ ପୁର,1105227
Puri,Kakatpur,ଶ୍ରୀରାମ ପୁର,1105123
Puri,Kakatpur,ଷଢଙ୍ଗି,1105225
Puri,Kakatpur,ସଡାଂଶ,1105124
Puri,Kakatpur,ସମିଆଁ,1105125
Puri,Kakatpur,ସାଡେଗାଁ,1105126
Puri,Kakatpur,ସାନ ଓଳଙ୍ଗର,1105128
Puri,Kakatpur,ସାନକୂଷ୍ଟି,1105226
Puri,Kakatpur,ସାରଙ୍ଗଧରପୁର,1105127
Puri,Kakatpur,ସାହୁବୁଦା,1105282
Puri,Kakatpur,ସିଂଘାରପାଳ,1105228
Puri,Kakatpur,ସୁଆର,1105283
Puri,Kakatpur,ସୁହାଗ ପୁର,1105140
Puri,Kakatpur,ସୁହାଣ ପୁର,1105141
Puri,Kakatpur,ସୋମନାଥ ପୁର,1105142
Puri,Kakatpur,ହରିଦାସପୁର,1105129
Puri,Kakatpur,ହଳଦୀ ବସନ୍ତ,1105284
Puri,Kakatpur,ହାସିନ ପୁର,1105143
Puri,Kanas,ଅଁଳା଼ଯୋଡି,1111092
Puri,Kanas,ଅଞ୍ଜୀରା,1111027
Puri,Kanas,ଅଡାଲ,1111001
Puri,Kanas,ଅଣ୍ଡାର଼ସିଂହ,1111123
Puri,Kanas,ଅଭଯପୁର,1111028
Puri,Kanas,ଅରିଣା଼ଭଣ୍ଡା଼ସାହି,1111029
Puri,Kanas,ଆଳିବାଡ,1111052
Puri,Kanas,ଇଛାପୁର ନ.1ମ୍ବର,1111071
Puri,Kanas,ଏକ଼ରୁଖା,1111124
Puri,Kanas,ଓଲାଣ,1111030
Puri,Kanas,ଓସ୍ତପାରୀ,1111072
Puri,Kanas,କଉଡିଆପୁର,1111031
Puri,Kanas,କଖାରୁବସ୍ତ,1111073
Puri,Kanas,କଣାସ,1111111
Puri,Kanas,କଣ୍ଠପଡା,1111096
Puri,Kanas,କରମଳା,1111053
Puri,Kanas,କଳା଼ପଦର,1111012
Puri,Kanas,କାଙ଼୍ପୁର,1111002
Puri,Kanas,କାତପଡା,1111097
Puri,Kanas,କାଦୁଆ,1111013
Puri,Kanas,କାଳିଘଡୀ,1111014
Puri,Kanas,କୂଅଁରପୁର,1111125
Puri,Kanas,କୃଷ୍ଣ଼ନଗର,1111112
Puri,Kanas,କେଶରପୁର,1111074
Puri,Kanas,କୋଟ଼କଣା,1111126
Puri,Kanas,ଖଣ୍ଡ଼ହୋତା,1111054
Puri,Kanas,ଖୁଣ୍ଟିଆବାଣ଼ପୁର,1111003
Puri,Kanas,ଗଡ ଖାରଦ ନଂ - 2,1111005
Puri,Kanas,ଗଡ଼ଖାରଦ 1,1111004
Puri,Kanas,ଗଡ଼ବଡ଼ପଦା,1111032
Puri,Kanas,ଗଡ଼ବଡ଼ପୁଟ,1111093
Puri,Kanas,ଗଡମାଟିଆପଡା,1111075
Puri,Kanas,ଗଡ଼ସାନପୁଟ,1111094
Puri,Kanas,ଗଡସାହି,1111113
Puri,Kanas,ଗଡିଶା଼ଗୋଦା,1111015
Puri,Kanas,ଗାଉପଡ଼ା,1111098
Puri,Kanas,ଗୁଆଡିଆ,1111055
Puri,Kanas,ଗୋପିନାଥ଼ପୁର,1111016
Puri,Kanas,ଗୋମୁଣ୍ଡା,1111076
Puri,Kanas,ଗୋଲରା,1111056
Puri,Kanas,ଚକମୂଳୁବସନ୍ତ,1111057
Puri,Kanas,ଚକ଼ସିରାଇ,1111114
Puri,Kanas,ଚଞ୍ଚାଇପଡା,1111099
Puri,Kanas,ଚଡକ଼ପୁର,1111127
Puri,Kanas,ଚାନ୍ଦପଡା,1111115
Puri,Kanas,ଚାନ୍ଦପଡାବଳାଜିତପୁର,1111100
Puri,Kanas,ଚୁପୁରୁଙ୍ଗି,1111017
Puri,Kanas,ଜଗନ୍ନାଥ଼ପୁର,1111128
Puri,Kanas,ଜଙ୍କିଆ,1111116
Puri,Kanas,ଜଙ୍ଗାହାର,1111129
Puri,Kanas,ଜାଗୁଳାଇପଦର,1111018
Puri,Kanas,ଜାଲିଆପଡା,1111033
Puri,Kanas,ଜୁଣୁପଦା,1111077
Puri,Kanas,ଝାରଡା,1111130
Puri,Kanas,ଟଣମଣ,1111034
Puri,Kanas,ଟାଇଁଲୋ,1111035
Puri,Kanas,ଡିମିରି,1111117
Puri,Kanas,ଡେଲାଙ୍ଗଚାରିପଡା,1111095
Puri,Kanas,ତରପଡା,1111078
Puri,Kanas,ତିଗିରିଆ,1111058
Puri,Kanas,ତିପୁରୀ,1111101
Puri,Kanas,ତ୍ରିଲୋଚନପୁର,1111102
Puri,Kanas,ଦିବ୍ୟସିଂହ଼ପୁର,1111036
Puri,Kanas,ଦୁଛିଆ,1111006
Puri,Kanas,ଦୁପୁର,1111059
Puri,Kanas,ଦେଇପୁର,1111007
Puri,Kanas,ଦେଠୀଆପଡା,1111131
Puri,Kanas,ଦୋକନ୍ଦା,1111079
Puri,Kanas,ଧୁଆଁଳ,1111080
Puri,Kanas,ନଡୁଆପୁର,1111060
Puri,Kanas,ନନ୍ଦୁଗୋଦା,1111132
Puri,Kanas,ନାବଡା,1111061
Puri,Kanas,ନୁଆଗାଁ,1111019
Puri,Kanas,ନୂଆପଡା,1111103
Puri,Kanas,ପରିମାଣ୍ଡୁପୁର,1111133
Puri,Kanas,ପସିଆପଡା,1111118
Puri,Kanas,ପାଇକ଼ମରା,1111020
Puri,Kanas,ପାଇକ଼ମାରା,1111021
Puri,Kanas,ପାଟ଼ଯୋଷୀପୁର,1111037
Puri,Kanas,ପାଣ୍ଡିଆକେରା,1111081
Puri,Kanas,ପାହିଲୁଣ୍ଡୀ,1111022
Puri,Kanas,ବକୁ,1111038
Puri,Kanas,ବକ୍ରୁସାହି,1111134
Puri,Kanas,ବଗିପଡା,1111082
Puri,Kanas,ବଡାଲ,1111008
Puri,Kanas,ବଡାସ,1111083
Puri,Kanas,ବନ୍ଧ଼ମୁଣ୍ଡା,1111039
Puri,Kanas,ବରାଗଡ,1111040
Puri,Kanas,ବଳଭଦ୍ରପୁର,1111084
Puri,Kanas,ବସନ୍ତ଼ପୁର,1111062
Puri,Kanas,ବାଇଗଣତଳି,1111085
Puri,Kanas,ବାଦଲପୁର,1111104
Puri,Kanas,ବାଯ଼ପଦର,1111009
Puri,Kanas,ବାରଦା,1111105
Puri,Kanas,ବାରିମଣ୍ଡଳ,1111106
Puri,Kanas,ବାଲିପଡା,1111063
Puri,Kanas,ବାଲିପାଟଣା,1111086
Puri,Kanas,ବାଲୁପଡା,1111041
Puri,Kanas,ବାହାର଼କୁଦା,1111023
Puri,Kanas,ବିଜିପୁର,1111135
Puri,Kanas,ବିଝନ,1111064
Puri,Kanas,ବୀଣ୍ଡି ପୁର,1111010
Puri,Kanas,ବୀର଼କେଶର଼ପୁର,1111042
Puri,Kanas,ବେଢା଼ତଣ୍ଡୁଳ,1111043
Puri,Kanas,ବେଣାଗାଁ,1111119
Puri,Kanas,ବୋତଳମା,1111087
Puri,Kanas,ଭାଟପଡା,1111107
Puri,Kanas,ଭାଟପଡା଼ଓର୞ଜୟପୁର,1111044
Puri,Kanas,ମଣିଯପୁର ନଂ.1,1111089
Puri,Kanas,ମଣିଯପୁର ନଂ-2,1111088
Puri,Kanas,ମନାପୁର,1111108
Puri,Kanas,ମାଙ୍କଗାଁ,1111011
Puri,Kanas,ମାଢୁପୁର,1111136
Puri,Kanas,ମାହାଳ,1111090
Puri,Kanas,ମୂଳବସନ୍ତ,1111065
Puri,Kanas,ମୈତ୍ର଼ତ୍ରିଲୋଚନପୁର,1111045
Puri,Kanas,ଯାମିଲ଼ଗୋଦା,1111066
Puri,Kanas,ରକ୍ତପଟା,1111091
Puri,Kanas,ରାଇଗୁରିପୁର,1111046
Puri,Kanas,ରାଣୀପଡା,1111109
Puri,Kanas,ରାଧାକୃଷ୍ଣ ପୁର,1111137
Puri,Kanas,ରାଧାମୋହନପୁର,1111138
Puri,Kanas,ରାହାଣ୍ଡିଆ,1111120
Puri,Kanas,ରୁଢୁପୁର,1111139
Puri,Kanas,ଲୁଣିଆପଦର,1111024
Puri,Kanas,ଲୁଣିଆବନ୍ଧ,1111047
Puri,Kanas,ଶ୍ରୀ ମକୁନ୍ଦ଼ପୁର,1111048
Puri,Kanas,ସନିଗାଁ,1111067
Puri,Kanas,ସହନା,1111121
Puri,Kanas,ସାହାସ଼ପୁର,1111025
Puri,Kanas,ସାହୁ଼ପଡା,1111049
Puri,Kanas,ସିରିଆପଡା,1111050
Puri,Kanas,ସିରିପୁର,1111026
Puri,Kanas,ସିରେଇ,1111122
Puri,Kanas,ସୁଦାଗର,1111110
Puri,Kanas,ସୁହାଗପୁର,1111068
Puri,Kanas,ସୋଢର଼ପୁର,1111051
Puri,Kanas,ହରଷ଼ପଡା,1111069
Puri,Kanas,ହରିପୁର,1111070
Puri,Krishnaprasad,ଅଁଳାକୁଦା,1101086
Puri,Krishnaprasad,ଅଣୁଆ,1101039
Puri,Krishnaprasad,ଅଦଲାବାଦ,1101023
Puri,Krishnaprasad,ଅରଖକୁଦା,1101005
Puri,Krishnaprasad,ଅଲଣ୍ଡା,1101048
Puri,Krishnaprasad,ଅଲଣ୍ଡା ପଟଣା,1101060
Puri,Krishnaprasad,ଇପିଙ୍ଗ,1101053
Puri,Krishnaprasad,ଉଠାଣି କୁଦା,1101044
Puri,Krishnaprasad,ଉଦୟଗିରୀ,1101021
Puri,Krishnaprasad,ଓରା,1101036
Puri,Krishnaprasad,କଣ୍ଡରା ଗାଁ,1101051
Puri,Krishnaprasad,କମଳାସିଙ୍ଗ,1101073
Puri,Krishnaprasad,କହ୍ନେଇପୁର,1101034
Puri,Krishnaprasad,କାଣ୍ଡସର,1101015
Puri,Krishnaprasad,କାଦକଣି,1101001
Puri,Krishnaprasad,କାଳଦ,1101065
Puri,Krishnaprasad,କାଳୀଜାଇ ପାହାଡ,1101055
Puri,Krishnaprasad,କୁଅଁରପୁର,1101009
Puri,Krishnaprasad,କୁମ୍ପୁରୀ,1101033
Puri,Krishnaprasad,କୁରୁପାଳ,1101085
Puri,Krishnaprasad,କୃଷ୍ଣପ୍ରସାଦ,1101057
Puri,Krishnaprasad,ଖଟିଆ କୁଦି,1101052
Puri,Krishnaprasad,ଖଟିସାହି,1101092
Puri,Krishnaprasad,ଖିରି ସାହି,1101075
Puri,Krishnaprasad,ଖୋଲଗଞ୍ଜ,1101028
Puri,Krishnaprasad,ଖୋଲା ମୁହାଁଣ,1101042
Puri,Krishnaprasad,ଗିଲିନାସି,1101032
Puri,Krishnaprasad,ଗୁରୁବାଇ,1101091
Puri,Krishnaprasad,ଗୋପାଳପୁର,1101035
Puri,Krishnaprasad,ଗୋବରଧୁଳି,1101081
Puri,Krishnaprasad,ଗୋମୁଣ୍ଡିଆ,1101069
Puri,Krishnaprasad,ଗୋଲପୁର,1101080
Puri,Krishnaprasad,ଗୌରୁଷି,1101084
Puri,Krishnaprasad,ଚଢେୟା,1101063
Puri,Krishnaprasad,ଚିତ୍ରକୋଟ,1101059
Puri,Krishnaprasad,ଜହ୍ନି କୁଦା,1101088
Puri,Krishnaprasad,ଜାଗିରକୁଦା,1101050
Puri,Krishnaprasad,ଜେନାପୁର,1101083
Puri,Krishnaprasad,ଝାରକଟା,1101077
Puri,Krishnaprasad,ଟୁବୁକା,1101067
Puri,Krishnaprasad,ତଳଙ୍ଗିରି,1101008
Puri,Krishnaprasad,ତାଳତଳା,1101017
Puri,Krishnaprasad,ତିତିପ,1101062
Puri,Krishnaprasad,ତୀଛଣି,1101058
Puri,Krishnaprasad,ଦେଉଳ ପଡା,1101072
Puri,Krishnaprasad,ନନ୍ଦଳା,1101004
Puri,Krishnaprasad,ନବା,1101024
Puri,Krishnaprasad,ନଳବଣ,1101056
Puri,Krishnaprasad,ନଳିତାକୁଦୀ,1101031
Puri,Krishnaprasad,ନୁଆପଡା,1101087
Puri,Krishnaprasad,ନୂଆଗାଁ,1101061
Puri,Krishnaprasad,ନୂଆଗାଁ,1101041
Puri,Krishnaprasad,ନୋଳିଆ ପଟଣା,1101038
Puri,Krishnaprasad,ପଥର କଟା,1101078
Puri,Krishnaprasad,ପଥରଗଞ୍ଜ,1101029
Puri,Krishnaprasad,ପରଳା,1101090
Puri,Krishnaprasad,ପାଇକରା ପୁର,1101003
Puri,Krishnaprasad,ପାଟ ନାସି,1101014
Puri,Krishnaprasad,ପାଟନାସି,1101076
Puri,Krishnaprasad,ପିଟିଶାଳ,1101019
Puri,Krishnaprasad,ଫତେପୁର,1101022
Puri,Krishnaprasad,ଫୁଲ ବାରୀ,1101064
Puri,Krishnaprasad,ବଜ୍ରକୋଟ,1101018
Puri,Krishnaprasad,ବଡଅଁଳ,1101047
Puri,Krishnaprasad,ବଡକୁଦା,1101006
Puri,Krishnaprasad,ବଡଝାଡ,1101079
Puri,Krishnaprasad,ବଡଦଣ୍ଡା,1101045
Puri,Krishnaprasad,ବରହ୍ମପୁର,1101095
Puri,Krishnaprasad,ବରୁଣ କୁଦା,1101093
Puri,Krishnaprasad,ବାଲି ଜଗନ୍ନାଥପୁର,1101071
Puri,Krishnaprasad,ବାଲି ପାଟପୁର,1101013
Puri,Krishnaprasad,ବାଲିଆ ପୋଖରୀ,1101020
Puri,Krishnaprasad,ବିରୀ ପଦର,1101074
Puri,Krishnaprasad,ବୁଢୀବର,1101027
Puri,Krishnaprasad,ବ୍ରାହ୍ମଣ ଦେଓ,1101011
Puri,Krishnaprasad,ଭବାନି ପୁର,1101089
Puri,Krishnaprasad,ମଏଁସା,1101094
Puri,Krishnaprasad,ମର୍ଦ୍ଦରାଜପୁର,1101082
Puri,Krishnaprasad,ମାଲୁଦଖାସ,1101025
Puri,Krishnaprasad,ମାଳକୁଦା,1101002
Puri,Krishnaprasad,ମାଳଦେଇ କୁଦା,1101054
Puri,Krishnaprasad,ମିଠାକୁଅଁ,1101096
Puri,Krishnaprasad,ମୋରଡା,1101040
Puri,Krishnaprasad,ଯମୁନା,1101043
Puri,Krishnaprasad,ରସକୁଦି,1101046
Puri,Krishnaprasad,ରସିଦ ଗାଁ,1101016
Puri,Krishnaprasad,ରାମ ଲେଙ୍କା,1101007
Puri,Krishnaprasad,ସାନଅଁଳ,1101049
Puri,Krishnaprasad,ସାନ୍ତରାପୁର,1101068
Puri,Krishnaprasad,ସାନ୍ତରାପୁର,1101010
Puri,Krishnaprasad,ସାହାବାଜପୁର,1101026
Puri,Krishnaprasad,ସିଆଣ୍ଡି,1101037
Puri,Krishnaprasad,ସିଆଳ,1101030
Puri,Krishnaprasad,ସିପିଆ,1101066
Puri,Krishnaprasad,ହରି ଚନ୍ଦନପୁର,1101070
Puri,Krishnaprasad,ହୁଜନ,1101012
Puri,Nimapara,ଅଂଶାଲୋ,1102071
Puri,Nimapara,ଅଟେଇ ହୁଡା,1102401
Puri,Nimapara,ଅଣ୍ଢିଆ,1102001
Puri,Nimapara,ଅନଳପୁର,1102190
Puri,Nimapara,ଅନ୍ତୁଆର,1102013
Puri,Nimapara,ଅନ୍ଧୋଟି,1102066
Puri,Nimapara,ଅରିଷଣ୍ଢ,1102021
Puri,Nimapara,ଅଲଣ୍ଡା,1102156
Puri,Nimapara,ଅଲଣ୍ଡି,1102002
Puri,Nimapara,ଅଳକୁଣ୍ଡ,1102218
Puri,Nimapara,ଆଇଁଶମୂଳ,1102214
Puri,Nimapara,ଆଗର ଶାସନ,1102402
Puri,Nimapara,ଆଗରକୋଠବାଡ,1102403
Puri,Nimapara,ଆଙ୍କୁସିପୁର,1102111
Puri,Nimapara,ଆମରଙ୍ଗ,1102015
Puri,Nimapara,ଆମ୍ପୋର,1102206
Puri,Nimapara,ଆମ୍ବିଳିହଣା,1102255
Puri,Nimapara,ଆଶାପୂରଣ,1102180
Puri,Nimapara,ଇଣ୍ଡୋଳ,1102016
Puri,Nimapara,ଇଶ୍ଵରଜଙ୍ଗା,1102175
Puri,Nimapara,ଉଗ୍ରେଶ୍ଵର ଦେଉଳି,1102086
Puri,Nimapara,ଉଚ୍ଛୁପୁରୁ,1102135
Puri,Nimapara,ଉଣ୍ଟିଗ୍ରାମ,1102014
Puri,Nimapara,ଉମା ମହେଶ୍ଵରପୁର,1102197
Puri,Nimapara,ଏକମକଣା,1102151
Puri,Nimapara,ଓଡଖଣ୍ଡ,1102161
Puri,Nimapara,ଓଡଗୁଆଁ,1102404
Puri,Nimapara,ଓଡୁଆଳ,1102031
Puri,Nimapara,ଓରଡାପଡା,1102012
Puri,Nimapara,ଓରପଟ,1102208
Puri,Nimapara,ଓରିଲୋ,1102162
Puri,Nimapara,ଓଲମରା,1102269
Puri,Nimapara,ଓଳ,1102051
Puri,Nimapara,ଓଳାଂଶ,1102204
Puri,Nimapara,ଓଳିକଣା,1102155
Puri,Nimapara,ଓହାଙ୍ଗ,1102003
Puri,Nimapara,କଇଜଙ୍ଗା,1102160
Puri,Nimapara,କନପୁର,1102115
Puri,Nimapara,କନିଆକୁଦ,1102147
Puri,Nimapara,କନ୍ତିଆ,1102219
Puri,Nimapara,କନ୍ତିଲୋ,1102205
Puri,Nimapara,କନ୍ତିଲୋ,1102405
Puri,Nimapara,କଳାପାଞ୍ଚଣ,1102194
Puri,Nimapara,କାଦୁଆପଡା,1102199
Puri,Nimapara,କାଳିଆପଦା,1102127
Puri,Nimapara,କାଶିଆଶାସନ,1102124
Puri,Nimapara,କାଶିପୁର,1102094
Puri,Nimapara,କାହ୍ନୁପୁର,1102069
Puri,Nimapara,କୁଅଁରପୁର,1102084
Puri,Nimapara,କୁଆଁସ,1102050
Puri,Nimapara,କୁଶିକଣା,1102157
Puri,Nimapara,କେଉଟସାଳଦା,1102186
Puri,Nimapara,କେରାଣ୍ଡିଆ ବିନ୍ଧା,1102121
Puri,Nimapara,କୋଟକୁଶାଙ୍ଗ,1102125
Puri,Nimapara,କୋଟରାଙ୍ଗ,1102018
Puri,Nimapara,କୋପିନ୍ଦା,1102056
Puri,Nimapara,କୋହ୍ଲଣା,1102145
Puri,Nimapara,ଖରୋଡ,1102216
Puri,Nimapara,ଖୁଲିସ,1102406
Puri,Nimapara,ଗଡ ଅମର ପ୍ରସାଦ,1102407
Puri,Nimapara,ଗଡଇଟା ପୋଖରୀ,1102192
Puri,Nimapara,ଗଡଚାନ୍ଦପୁର,1102131
Puri,Nimapara,ଗଡଝିଙ୍କିରିଆ,1102202
Puri,Nimapara,ଗଡଟୁସିଂହ,1102170
Puri,Nimapara,ଗଡତୋରିହଁ,1102043
Puri,Nimapara,ଗଡପଦନପୁର,1102099
Puri,Nimapara,ଗରପଦା,1102081
Puri,Nimapara,ଗୋପାଳପୁର,1102210
Puri,Nimapara,ଗୋପିନାଥପୁର,1102100
Puri,Nimapara,ଗୋବିନ୍ଦପୁର,1102201
Puri,Nimapara,ଘୋଡକ,1102144
Puri,Nimapara,ଚଅଁରପଦା,1102026
Puri,Nimapara,ଚକରୋଡା,1102185
Puri,Nimapara,ଚଢେଇଗାଁ,1102189
Puri,Nimapara,ଚହଟା,1102408
Puri,Nimapara,ଚିତ୍ରା,1102118
Puri,Nimapara,ଚୌରାଶି,1102409
Puri,Nimapara,ଛଣିଜଙ୍ଗ,1102221
Puri,Nimapara,ଛତାହାର,1102112
Puri,Nimapara,ଛତାହାରବେଗପାଟଣା,1102116
Puri,Nimapara,ଛବାଟିଆ,1102410
Puri,Nimapara,ଛିଟିକଣା,1102064
Puri,Nimapara,ଛେନୁଅଁ,1102028
Puri,Nimapara,ଜଳଛତ୍ର,1102411
Puri,Nimapara,ଜାଗେଶ୍ଵରପୁର,1102166
Puri,Nimapara,ଜୁଆଁଲୋ,1102153
Puri,Nimapara,ଝାମ୍ପୁଗ୍ରାମ,1102172
Puri,Nimapara,ଟିଟିଙ୍ଗା ପଡା,1102412
Puri,Nimapara,ଟୁଆଁସାହି,1102173
Puri,Nimapara,ଠାକୁରପାଟଣା,1102195
Puri,Nimapara,ଡେଣୁଅଁ,1102027
Puri,Nimapara,ତଢଣା,1102068
Puri,Nimapara,ତମ୍ପାଳ,1102163
Puri,Nimapara,ତରବୋଇ ଶାସନ,1102097
Puri,Nimapara,ତାଳତଅଁଳା,1102152
Puri,Nimapara,ତିହୁଳା,1102054
Puri,Nimapara,ତୁଳସି ପୁର,1102413
Puri,Nimapara,ତେନ୍ତୁଳି ଗୁଆଁ,1102414
Puri,Nimapara,ତେରବାଟିଆବିନ୍ଧା,1102022
Puri,Nimapara,ତେରହଳ,1102093
Puri,Nimapara,ତେରୁଣ୍ଡିଆ,1102164
Puri,Nimapara,ତୋରବାଙ୍ଗ,1102045
Puri,Nimapara,ତୋରିହଁବନ୍ଧ,1102105
Puri,Nimapara,ଦଣ୍ଡିକେରା,1102217
Puri,Nimapara,ଦନ୍ଦୀପୁର,1102126
Puri,Nimapara,ଦଳଭାଣପୁର,1102098
Puri,Nimapara,ଦହିଜଙ୍ଗ,1102025
Puri,Nimapara,ଦାସପୁରୁଷୋତ୍ତମ ପୁର,1102148
Puri,Nimapara,ଦିଘାଳୋ,1102167
Puri,Nimapara,ଦିନେଇଲୋ,1102415
Puri,Nimapara,ଦୁର୍ଗାପୁର,1102095
Puri,Nimapara,ଦେଖତା,1102079
Puri,Nimapara,ଧମତିରା,1102110
Puri,Nimapara,ଧଳେଶ୍ଵର,1102004
Puri,Nimapara,ଧଳେଶ୍ଵର ଦେଉଳି,1102005
Puri,Nimapara,ଧିରପୁର,1102176
Puri,Nimapara,ନଢ଼ଣା,1102067
Puri,Nimapara,ନମ୍ବିଲୋ,1102159
Puri,Nimapara,ନରହରିପୁର,1102198
Puri,Nimapara,ନରୁଦା,1102139
Puri,Nimapara,ନହନ୍ତରା,1102042
Puri,Nimapara,ନାରୋଳଦେଉଳି,1102034
Puri,Nimapara,ନିନିଗାଁ ଖଣ୍ଡ଼ହେତା,1102048
Puri,Nimapara,ନିମାପଡ଼ା,1102008
Puri,Nimapara,ନିଯୋଗକଷୋଟୀ,1102044
Puri,Nimapara,ନୁହାରକିରି,1102006
Puri,Nimapara,ନୂଆଗାଁ,1102209
Puri,Nimapara,ନୂଆଗୋପାଳପୁର,1102133
Puri,Nimapara,ନୂଆସନ୍ଥ,1102143
Puri,Nimapara,ପଞ୍ଚୁମାଇଲ,1102070
Puri,Nimapara,ପଳସୁଧା,1102062
Puri,Nimapara,ପାଇକସାହି (ଗଦେଇଜେନା),1102032
Puri,Nimapara,ପାଟପୁର,1102011
Puri,Nimapara,ପାଟଳୀଗାଁ,1102055
Puri,Nimapara,ପାଢିଗ୍ରାମ,1102033
Puri,Nimapara,ପାର୍ବତୀପୁର,1102019
Puri,Nimapara,ପାର୍ବତୀପୁର,1102138
Puri,Nimapara,ପାଳଶ୍ରୀ,1102169
Puri,Nimapara,ପିପଳିଆ,1102037
Puri,Nimapara,ପୁରଷଣ୍ଢ,1102102
Puri,Nimapara,ପୁରୁଣାବଳଙ୍ଗା,1102132
Puri,Nimapara,ପୋଦନା,1102171
Puri,Nimapara,ପୋରକଣା,1102154
Puri,Nimapara,ବଉଳପଦା,1102077
Puri,Nimapara,ବକୁଗ୍ରାମ,1102053
Puri,Nimapara,ବଡଗାଁ,1102047
Puri,Nimapara,ବଡନିନିଗାଁ,1102038
Puri,Nimapara,ବଡମାଛପୁର,1102109
Puri,Nimapara,ବଡରିକିଲୋ,1102178
Puri,Nimapara,ବଡସୁରୁବିଳା,1102049
Puri,Nimapara,ବନ୍ତୁଗ୍ରାମ,1102060
Puri,Nimapara,ବନ୍ଧପଡା ( ଦାଶ ପୁରୁଷୋତ୍ତମ ପୁର ),1102129
Puri,Nimapara,ବରିମୁଣ୍ଡେଇ,1102039
Puri,Nimapara,ବରେହା,1102137
Puri,Nimapara,ବଳଙ୍ଗା,1102122
Puri,Nimapara,ବସନ୍ତପୁର,1102188
Puri,Nimapara,ବସନ୍ତୋଳ,1102168
Puri,Nimapara,ବାଙ୍ଗୁରସ ମେଳକ,1102090
Puri,Nimapara,ବାଙ୍ଗୁରସ ଶାସନ,1102096
Puri,Nimapara,ବାମଦେଇପୁର,1102020
Puri,Nimapara,ବାମନାଳ,1102029
Puri,Nimapara,ବାଲିଆଶାସନ,1102092
Puri,Nimapara,ବାଲିପଦା,1102123
Puri,Nimapara,ବାଲୁଙ୍କ,1102215
Puri,Nimapara,ବାହାରଣା,1102416
Puri,Nimapara,ବିଅଁଳ,1102107
Puri,Nimapara,ବିଜିପୁର,1102017
Puri,Nimapara,ବିଶିମାତ୍ରୀ,1102211
Puri,Nimapara,ବିଶ୍ଵାଳସାହି,1102074
Puri,Nimapara,ବିଷ୍ଣୁପୁର,1102009
Puri,Nimapara,ବୁଧେଇ,1102046
Puri,Nimapara,ବେଗୁନିଆ,1102182
Puri,Nimapara,ବେରବୋଇ,1102128
Puri,Nimapara,ବେରୁହାଁଶାସନ,1102149
Puri,Nimapara,ବେଲପଡା,1102417
Puri,Nimapara,ବେଲେଶ୍ଵର,1102089
Puri,Nimapara,ବୋତେଇ,1102052
Puri,Nimapara,ବ୍ରହ୍ମକୁଣ୍ଡି,1102191
Puri,Nimapara,ବ୍ରାହ୍ମଣଖଣ୍ଡି,1102142
Puri,Nimapara,ବ୍ରାହ୍ମଣଚାନ୍ଦପୁର,1102146
Puri,Nimapara,ବ୍ରାହ୍ମଣଚାନ୍ଦପୁରପାଟଣା,1102130
Puri,Nimapara,ବ୍ରାହ୍ମଣପଡା,1102073
Puri,Nimapara,ଭଗବତୀପୁର,1102085
Puri,Nimapara,ଭଦରୋ,1102212
Puri,Nimapara,ଭାଟବନ୍ଧ,1102119
Puri,Nimapara,ଭାଣପୁର,1102106
Puri,Nimapara,ଭାଣପୁର,1102418
Puri,Nimapara,ଭିଲିଗ୍ରାମ,1102058
Puri,Nimapara,ଭିଲିଦେଉଳି,1102057
Puri,Nimapara,ଭିଲ୍ଲିଶାସନ,1102059
Puri,Nimapara,ଭୁଆଁ,1102080
Puri,Nimapara,ଭୋଗସାଳଦା,1102183
Puri,Nimapara,ଭୋବନିପୁର,1102007
Puri,Nimapara,ମଝୀପଡା,1102193
Puri,Nimapara,ମଠସାହି,1102078
Puri,Nimapara,ମଣିଜଙ୍ଗ,1102150
Puri,Nimapara,ମଧ୍ୟସାହି,1102136
Puri,Nimapara,ମମଦଲାଚକ,1102087
Puri,Nimapara,ମାଧିପୁର,1102419
Puri,Nimapara,ମାଧିବ୍ରହ୍ମପୁର,1102196
Puri,Nimapara,ମାହାଳୋ,1102065
Puri,Nimapara,ମିଟେଇପୁର,1102063
Puri,Nimapara,ମୁରୁଡି,1102120
Puri,Nimapara,ମୋସୁନପୁର,1102165
Puri,Nimapara,ଯଅଁରା,1102213
Puri,Nimapara,ଯଅଁରା,1102035
Puri,Nimapara,ଯାଜଲପୁର,1102181
Puri,Nimapara,ରଏଡବଜାର,1102075
Puri,Nimapara,ରଙ୍ଗ,1102061
Puri,Nimapara,ରଟିଲୋ,1102024
Puri,Nimapara,ରାଜରାଶି,1102179
Puri,Nimapara,ରେଙ୍ଘାଳୋ,1102108
Puri,Nimapara,ରେଞ୍ଚଖେଲାର,1102072
Puri,Nimapara,ରେଞ୍ଚଶାସନ,1102082
Puri,Nimapara,ରେସିଙ୍ଗା,1102103
Puri,Nimapara,ଲଙ୍କପଡା,1102207
Puri,Nimapara,ଲଙ୍କାବାରିମୂଳ,1102203
Puri,Nimapara,ଶଗଡା,1102114
Puri,Nimapara,ଶଙ୍ଖପଡା,1102200
Puri,Nimapara,ଶାଇଁସଶାସନ,1102104
Puri,Nimapara,ଶାଳଜଙ୍ଗ,1102088
Puri,Nimapara,ଶେଉଳଖାଲ,1102113
Puri,Nimapara,ଶ୍ରୀ କୋଇଲି,1102420
Puri,Nimapara,ଶ୍ରୀମୁଖ,1102158
Puri,Nimapara,ଷଣ୍ଢଗୋରଡା,1102141
Puri,Nimapara,ସଇରୀ,1102040
Puri,Nimapara,ସଗଡା ଦେଉଳି,1102117
Puri,Nimapara,ସଫିପୁର,1102184
Puri,Nimapara,ସମରେଇଶାସନ,1102091
Puri,Nimapara,ସର୍ବାପଡା,1102010
Puri,Nimapara,ସଲଙ୍ଗ,1102030
Puri,Nimapara,ସାତକାଳିଆ,1102036
Puri,Nimapara,ସାଦେରିଆ,1102041
Puri,Nimapara,ସାନ ସୁରୁବିଳା,1102134
Puri,Nimapara,ସାନରିକିଲୋ,1102174
Puri,Nimapara,ସାନହୁଲି,1102421
Puri,Nimapara,ସାହାଡାପଡା,1102140
Puri,Nimapara,ସିଂହାରପୁର,1102187
Puri,Nimapara,ସୁଦରେଖ,1102220
Puri,Nimapara,ସୁଧ ବାରିମୂଳ,1102422
Puri,Nimapara,ସୁନୁଗୋରଡି,1102076
Puri,Nimapara,ସୋରଡ,1102177
Puri,Nimapara,ହଂସପଡା,1102023
Puri,Nimapara,ହରିପୁର,1102101
Puri,Nimapara,ହରିଶପୁର,1102083
Puri,Nimapara,ହାଣ୍ଡିଆ ପଡା,1102423
Puri,Pipili,ଅଗର ପଡା,1103079
Puri,Pipili,ଅଠର ଭାଗ,1103069
Puri,Pipili,ଅଡଙ୍ଗପଡା,1103021
Puri,Pipili,ଅଣିଜଙ୍ଗ,1103200
Puri,Pipili,ଅନନ୍ତପୁର,1103112
Puri,Pipili,ଅବଲ ପୁର,1103156
Puri,Pipili,ଅର୍ଜୁନଗୋଦା,1103070
Puri,Pipili,ଅର୍ଜୁନସିଂହ ପୁର,1103209
Puri,Pipili,ଅଲାର ପୁର,1103195
Puri,Pipili,ଆଠବାଟିଆ,1103168
Puri,Pipili,ଆବଲ ପୁର,1103088
Puri,Pipili,ଆରୁଆଳି,1103093
Puri,Pipili,ଆରୁହା,1103035
Puri,Pipili,ଆଳିସ,1103151
Puri,Pipili,ଉଖୁଡାପଡା,1103185
Puri,Pipili,ଉଜାଣି ପଡା,1103066
Puri,Pipili,ଉତ୍ତର ସାହି,1103124
Puri,Pipili,ଉତ୍ତରାଶାସନ,1103006
Puri,Pipili,ଏକଚାଳିଆ,1103011
Puri,Pipili,ଓଡପୋଡଙ୍ଗ,1103158
Puri,Pipili,ଓଡସ ମୁଦି,1103149
Puri,Pipili,ଓରକୋଲ,1103067
Puri,Pipili,କଣ୍ଟି କୋଠବାଡ,1103120
Puri,Pipili,କମଳା ସାଗର ପାଟଣା,1103141
Puri,Pipili,କମା କନ୍ତିଆ,1103073
Puri,Pipili,କରିମୂଳ,1103105
Puri,Pipili,କଲ୍ୟାଣପୁର,1103330
Puri,Pipili,କସରଦା,1103078
Puri,Pipili,କାଇରୀ,1103003
Puri,Pipili,କାକୁଡି କୁଶାଙ୍ଗ,1103018
Puri,Pipili,କାକୁଡିଆ,1103123
Puri,Pipili,କାଜିସାହି ଓରଫ ସୋଲଣା ସୁଲତାନ ନଗର,1103172
Puri,Pipili,କାର୍ତ୍ତିକ ପଡା,1103203
Puri,Pipili,କାହ୍ନୁପୁର,1103104
Puri,Pipili,କୁଞ୍ଜର,1103027
Puri,Pipili,କୁମାରେଶ୍ଵର,1103213
Puri,Pipili,କୁଶିଦା,1103176
Puri,Pipili,କୂଳଶେଖର ପାଟଣା,1103095
Puri,Pipili,କେରୁଣ୍ଡେଇ,1103282
Puri,Pipili,କୋଠବାଡ ନଂ 2,1103091
Puri,Pipili,କୋଠବାଡ ନଂ 3,1103089
Puri,Pipili,କୋଠସାହି,1103189
Puri,Pipili,କୌଶଲ୍ୟାପୁର,1103005
Puri,Pipili,ଖଟସାରଙ୍ଗ,1103135
Puri,Pipili,ଖଟୁଆ ବ୍ରହ୍ମପୁର,1103074
Puri,Pipili,ଖଡିକେରା,1103332
Puri,Pipili,ଖଣ୍ଡିଆ ଗିରି,1103107
Puri,Pipili,ଗଁପାଳ,1103118
Puri,Pipili,ଗଙ୍ଗାପଡା,1103033
Puri,Pipili,ଗାଁପଡା,1103037
Puri,Pipili,ଗୁନ୍ଥଳ,1103285
Puri,Pipili,ଗୋକନ,1103084
Puri,Pipili,ଗୋପଦା,1103211
Puri,Pipili,ଗୋବର୍ଦ୍ଧନପୁର,1103071
Puri,Pipili,ଗୋବର୍ଦ୍ଧନପୁର ସୁଲତାନନଗର,1103068
Puri,Pipili,ଗୋବିନ୍ଦ ପୁର,1103030
Puri,Pipili,ଚକ ଏକବାଟିଆ,1103210
Puri,Pipili,ଚକକାଙ୍କନଡୁଆ,1103146
Puri,Pipili,ଚଢୟା,1103050
Puri,Pipili,ଚନ୍ଦ୍ରାଦେଇ ପୁର ମାଟିଆ ସାହି,1103081
Puri,Pipili,ଚନ୍ଦ୍ରାଦେଇପୁର,1103076
Puri,Pipili,ଛଣଘର,1103194
Puri,Pipili,ଜଗନ୍ନାଥପୁର,1103048
Puri,Pipili,ଜନାର୍ଦ୍ଦନ ପୁର,1103097
Puri,Pipili,ଜମାଲ ପୁର,1103087
Puri,Pipili,ଜୟପୁର କିଲ୍ଲା,1103043
Puri,Pipili,ଜୟପୁର ଶାସନ,1103039
Puri,Pipili,ଜୟପୁର ହାଟ,1103041
Puri,Pipili,ଜାଗୁଳିଆ ପଡା,1103001
Puri,Pipili,ଝିଲିମିଲି ପାଟଣା,1103085
Puri,Pipili,ଠଣଠଣା,1103167
Puri,Pipili,ଠେଙ୍ଗିପଡା,1103145
Puri,Pipili,ଡାହାଙ୍ଗିରିଆ,1103128
Puri,Pipili,ଡେରିକି,1103169
Puri,Pipili,ତରଜଙ୍ଗ,1103177
Puri,Pipili,ତିଗିରିଆ,1103025
Puri,Pipili,ତେଇଶି ପୁର,1103161
Puri,Pipili,ତେଇସିପୁର ସୁଲତାନ ନଗର,1103154
Puri,Pipili,ତୋଟାପଡା,1103157
Puri,Pipili,ତୋଟାପଡା,1103114
Puri,Pipili,ଦକ୍ଷିଣ ନୂଆଗାଁ,1103113
Puri,Pipili,ଦକ୍ଷିଣସାହି,1103187
Puri,Pipili,ଦକ୍ଷିଣସାହି ଚକ ନଂ 2,1103191
Puri,Pipili,ଦନାପଡା ଟଙ୍କି,1103214
Puri,Pipili,ଦରଡା,1103051
Puri,Pipili,ଦାନ ମୁକୁନ୍ଦ ପୁର,1103101
Puri,Pipili,ଦାନଗହିର,1103106
Puri,Pipili,ଦୁମୁକିପୁର,1103212
Puri,Pipili,ଦୁର୍ଗାଦାସପୁର,1103163
Puri,Pipili,ଧାନପୁର,1103042
Puri,Pipili,ନଉରି,1103164
Puri,Pipili,ନରସିଂହ ପୁର,1103054
Puri,Pipili,ନହଙ୍ଗା,1103133
Puri,Pipili,ନହଳାପଡା,1103022
Puri,Pipili,ନାଇଲୋ,1103012
Puri,Pipili,ନାନପୁର,1103150
Puri,Pipili,ନାରଣ ଖେତା,1103122
Puri,Pipili,ନାଲିହଣା,1103198
Puri,Pipili,ନିଜଗଡ କୁରୁକି,1103117
Puri,Pipili,ନିର୍ମଳା,1103165
Puri,Pipili,ନୂଆଗୋଡି,1103160
Puri,Pipili,ନୂଆଶାସନ,1103083
Puri,Pipili,ନୂଆହାଟ,1103047
Puri,Pipili,ନୂଆହାଟ ଭରଷାପୁର,1103052
Puri,Pipili,ପଦ୍ମକଇରି,1103109
Puri,Pipili,ପମସରା,1103026
Puri,Pipili,ପାଏକପଡା,1103099
Puri,Pipili,ପାଚଲ ପୁର,1103060
Puri,Pipili,ପାଟସାହାଣିପୁର,1103031
Puri,Pipili,ପାଟେଳି କୁଦା,1103013
Puri,Pipili,ପାଣିଦୋଳ,1103111
Puri,Pipili,ପାରିଜଅଁର,1103016
Puri,Pipili,ପାରିପୋଟଳି,1103199
Puri,Pipili,ପିପିଲି ଶାସନ,1103049
Puri,Pipili,ପୁରୋହିତ ପୁର,1103216
Puri,Pipili,ପୂବାଶାସନ,1103004
Puri,Pipili,ପୋଟୋଳ,1103147
Puri,Pipili,ପୋଡଙ୍ଗ,1103159
Puri,Pipili,ପୋଡପଡା,1103192
Puri,Pipili,ପୋଡାଗୁଣ,1103131
Puri,Pipili,ପୋପରଙ୍ଗା,1103063
Puri,Pipili,ପ୍ରଭାକର ନଡୁଆ,1103062
Puri,Pipili,ବନମାଳୀପୁର,1103196
Puri,Pipili,ବନ୍ତଳସିଂହ,1103125
Puri,Pipili,ବନ୍ତଳସିଂହ ଦେଉଳି,1103134
Puri,Pipili,ବରାଗଡ,1103103
Puri,Pipili,ବରୁଣ୍ଡେଇ,1103064
Puri,Pipili,ବଲ୍ଲଭ ପୁର,1103175
Puri,Pipili,ବଳରାମପୁର ପାଏକଣା ସାହି,1103188
Puri,Pipili,ବାଗେଶ୍ଵର ପୁର,1103061
Puri,Pipili,ବାଙ୍ଗରପଡା,1103148
Puri,Pipili,ବାରିମୂଳ,1103119
Puri,Pipili,ବାଲିକୁଦା,1103057
Puri,Pipili,ବାଲିଗାଁ,1103144
Puri,Pipili,ବାଲିଗାଁ,1103182
Puri,Pipili,ବାସୁପୁର,1103077
Puri,Pipili,ବାହାବଳପୁର,1103197
Puri,Pipili,ବାହିଲି ପଡା,1103116
Puri,Pipili,ବିନାୟକ ପୁର,1103034
Puri,Pipili,ବିନାୟକପୁର ଦେଉଳି,1103032
Puri,Pipili,ବିନ୍ଧା,1103056
Puri,Pipili,ବିରପୁରୁଷୋତ୍ତମ ପୁର,1103204
Puri,Pipili,ବିରପୁରୁଷୋତ୍ତମପୁର ଦକ୍ଷିଣ ବାଡ ନଂ 1,1103205
Puri,Pipili,ବିଲିପଡା,1103017
Puri,Pipili,ବୀରପୁରୁଷୋତ୍ତମ ପୁର ଦକ୍ଷିଣବାଡ ନଂ2,1103206
Puri,Pipili,ବୀରପୁରୁଷୋତ୍ତମ ପୁର ନଂ 2,1103207
Puri,Pipili,ବେଜପୁର,1103046
Puri,Pipili,ବେଣା ବିଲ,1103121
Puri,Pipili,ବ୍ରହ୍ମାଳଙ୍ଗ,1103137
Puri,Pipili,ଭଇଳ,1103007
Puri,Pipili,ଭଗବତୀ ପୁର,1103201
Puri,Pipili,ଭବାନୀ ପୁର,1103053
Puri,Pipili,ଭାରତୀ ପୁର,1103058
Puri,Pipili,ଭୋଇଗୁଣ,1103138
Puri,Pipili,ଭୋଗପାଟଳି,1103166
Puri,Pipili,ମକରବା,1103055
Puri,Pipili,ମକୁନ୍ଦ ପୁର,1103080
Puri,Pipili,ମକୁନ୍ଦପୁର ହାଟ,1103108
Puri,Pipili,ମଗଲପୁର,1103019
Puri,Pipili,ମଙ୍ଗରାଜ ପୁର,1103090
Puri,Pipili,ମଙ୍ଗଳ ପୁର ଉତ୍ତର ବାଡ,1103092
Puri,Pipili,ମଢିଆଳି,1103044
Puri,Pipili,ମଧୁପୁର,1103009
Puri,Pipili,ମନୋହରା,1103094
Puri,Pipili,ମଲିକାବାଦ,1103029
Puri,Pipili,ମାଟିଆ ପଡା 2,1103028
Puri,Pipili,ମାଟିଆ ପଡା ନଂ 1,1103024
Puri,Pipili,ମାଣଚିନା,1103324
Puri,Pipili,ମାଣତୀରି,1103281
Puri,Pipili,ମାଣିକଦେଇ ପୁର,1103038
Puri,Pipili,ମାଧିପାଟଳୀ,1103152
Puri,Pipili,ମାଳି ବରାହି,1103102
Puri,Pipili,ମାଳିଅପା,1103319
Puri,Pipili,ମାଳିକପାଳି,1103170
Puri,Pipili,ମାହାରି ପୋଖରୀ,1103326
Puri,Pipili,ମୁଣ୍ଡଗୋଳା,1103115
Puri,Pipili,ମୁର୍ଦ୍ଧନୀ ପୁର,1103098
Puri,Pipili,ଯଶୁଆ ପୁର,1103215
Puri,Pipili,ଯଶୁଆପୁର ସୁଲତାନନଗର,1103202
Puri,Pipili,ଯୋପନ,1103193
Puri,Pipili,ରଥପୁରୁଷୋତ୍ତମ ପୁର,1103186
Puri,Pipili,ରାଏଗୁରପୁର,1103153
Puri,Pipili,ରାଜତେଇ,1103082
Puri,Pipili,ରାଣପୁର,1103100
Puri,Pipili,ରୂପଦେଇପୁର,1103183
Puri,Pipili,ରୂପଦେଇପୁର ମେଳକ,1103181
Puri,Pipili,ଲକ୍ଷ୍ମୀନାରାୟଣ ପୁର,1103015
Puri,Pipili,ଲକ୍ଷ୍ମୀନାରାୟଣପୁର ଦୀନଉଦ୍ଧାରଣ,1103014
Puri,Pipili,ଲେମ୍ବାଉପଡା,1103344
Puri,Pipili,ଲୋହପୁର,1103036
Puri,Pipili,ଵାଉପଡା,1103347
Puri,Pipili,ଶିରିଆ ପୁର,1103208
Puri,Pipili,ଶିରିଆ ପୁର,1103110
Puri,Pipili,ଶିରିଆ ପୁର ନାଉଯୋଡି,1103139
Puri,Pipili,ଶ୍ରୀକଣ୍ଠ ପୁର,1103072
Puri,Pipili,ସଁପୁର,1103174
Puri,Pipili,ସଙ୍ଗଳାଇ ଶାସନ,1103002
Puri,Pipili,ସମଲ ପୁର,1103045
Puri,Pipili,ସରଗାଇଲୋ,1103171
Puri,Pipili,ସରସ୍ଵତୀ ପୁର,1103184
Puri,Pipili,ସହଜ ପୁର,1103086
Puri,Pipili,ସାତହଳ,1103190
Puri,Pipili,ସାନଗାଁ,1103179
Puri,Pipili,ସାରୋଳ,1103010
Puri,Pipili,ସାହାବାଦ,1103173
Puri,Pipili,ସାହାବାଦ ଚକ,1103180
Puri,Pipili,ସିଂହାର ପୁର,1103096
Puri,Pipili,ସିଉଳା,1103020
Puri,Pipili,ସିଉଳାଚକ,1103008
Puri,Pipili,ସୁଆ ବରେଇ,1103059
Puri,Pipili,ସୁନାପଦା,1103075
Puri,Pipili,ସୁବଳ ପୁର,1103217
Puri,Pipili,ସୁବୁଦ୍ଧିପଡା,1103143
Puri,Pipili,ସୁରସୁରା,1103040
Puri,Pipili,ସୁହାଗ ପୁର,1103155
Puri,Pipili,ସୋଲଣା,1103162
Puri,Pipili,ସୋଲନାଚକ,1103178
Puri,Pipili,ହରିଅନ୍ତା,1103023
Puri,Pipili,ହରିପୁର,1103321
Puri,Pipili,ହସନପୁର,1103065
Puri,Pipili,ହାଟସାହି,1103126
Puri,Puri Sadar,ଅଙ୍କିଆ,1104160
Puri,Puri Sadar,ଅଠରନଳା,1104037
Puri,Puri Sadar,ଅଠରନଳାଓରଫ ଜିତକରମୁଦୁଲିପାଟଣା,1104059
Puri,Puri Sadar,ଅଠରନଳାଓରଫ ସମଙ୍ଗ,1104060
Puri,Puri Sadar,ଅଥର୍ପ,1104164
Puri,Puri Sadar,ଅନ୍ତିକେରା,1104166
Puri,Puri Sadar,ଅମୁରୀ,1104109
Puri,Puri Sadar,ଅଳଷଣା,1104077
Puri,Puri Sadar,ଆଙ୍କୁପଡା,1104102
Puri,Puri Sadar,ଆପିଲା,1104126
Puri,Puri Sadar,ଆରିହଁ,1104165
Puri,Puri Sadar,ଆରୋଳପାଟଣା,1104163
Puri,Puri Sadar,ଆଳଙ୍ଗ,1104067
Puri,Puri Sadar,ଆଳତୁଙ୍ଗା,1104064
Puri,Puri Sadar,ଆଳପୁର,1104086
Puri,Puri Sadar,ଆଳବା,1104095
Puri,Puri Sadar,ଆଳିକିଆ,1104057
Puri,Puri Sadar,ଇଣିପିଣା,1104170
Puri,Puri Sadar,ଉତ୍ତର କୋଣା,1104054
Puri,Puri Sadar,ଉତ୍ତର ସରପଡା,1104042
Puri,Puri Sadar,ଉର,1104065
Puri,Puri Sadar,ଋଆ,1104152
Puri,Puri Sadar,ଓଡସ ମଲ,1104076
Puri,Puri Sadar,ଓଲ,1104151
Puri,Puri Sadar,କଉପାଳ,1104149
Puri,Puri Sadar,କଞ୍ଚିଶାସନ,1104088
Puri,Puri Sadar,କଣ୍ଟାସିଳ,1104089
Puri,Puri Sadar,କଦଳିବାରୀପାଟଣା,1104056
Puri,Puri Sadar,କପାସି,1104150
Puri,Puri Sadar,କମାଶାସନ,1104190
Puri,Puri Sadar,କରଡି,1104168
Puri,Puri Sadar,କର୍ପୁରହରିଚନ୍ଦନପୁର,1104179
Puri,Puri Sadar,କହ୍ନେଇ ବିଦ୍ୟାଧର ପୁର,1104336
Puri,Puri Sadar,କାଳିଆକେରା,1104081
Puri,Puri Sadar,କାଳିକା ନୂଆପଡା,1104332
Puri,Puri Sadar,କାଶିଜଗନ୍ନାଥପୁର,1104185
Puri,Puri Sadar,କାଶୀ ହରିପୁର,1104038
Puri,Puri Sadar,କୁମ୍ଭାର ପଡା,1104019
Puri,Puri Sadar,କୁରୁଣ୍ଟି,1104334
Puri,Puri Sadar,କୁଳିଆ ପଡା,1104335
Puri,Puri Sadar,କୁସୁପଦା,1104144
Puri,Puri Sadar,କୃପାସିନ୍ଧୁହରିଚନ୍ଦନପୁର,1104180
Puri,Puri Sadar,କୃଷ୍ଣାଞ୍ଜନପୁର,1104139
Puri,Puri Sadar,କେରାଣ୍ଡିପୁର,1104140
Puri,Puri Sadar,ଖଣ୍ଡିଘର,1104167
Puri,Puri Sadar,ଖମାର,1104333
Puri,Puri Sadar,ଖରିପଦା,1104181
Puri,Puri Sadar,ଗଉଡୁକେରା,1104153
Puri,Puri Sadar,ଗଙ୍ଗାନାରାୟଣପୁର,1104133
Puri,Puri Sadar,ଗଡ ମୃଗଶିରା,1104074
Puri,Puri Sadar,ଗଧିଆପାଟଣା,1104174
Puri,Puri Sadar,ଗରାଇଲୋ,1104098
Puri,Puri Sadar,ଗୋକୁଳପୁର,1104189
Puri,Puri Sadar,ଗୋପିନାଥ ପୁର,1104071
Puri,Puri Sadar,ଗୋପିନାଥପୁରଓରଫ ରାଉତରାପୁର,1104039
Puri,Puri Sadar,ଚକ୍ରବର୍ତ୍ତୀ,1104052
Puri,Puri Sadar,ଚନ୍ଦନପୁର,1104130
Puri,Puri Sadar,ଚାଳିଶବାଟିଆ,1104085
Puri,Puri Sadar,ଚାଳିସବାଟିଆ,1104172
Puri,Puri Sadar,ଚାଷଖଣ୍ଡ,1104169
Puri,Puri Sadar,ଛୋଟରାପୁର,1104171
Puri,Puri Sadar,ଜଗନ୍ନାଥ ବଲ୍ଲଭ,1104044
Puri,Puri Sadar,ଜଗନ୍ନାଥପୁର,1104078
Puri,Puri Sadar,ଜଗନ୍ନାଥବିଦ୍ୟାଧରପୁର,1104182
Puri,Puri Sadar,ଜମାରସୁଆଁ,1104107
Puri,Puri Sadar,ଜାତିପୁର,1104158
Puri,Puri Sadar,ଜାନକାଦେଇପୁର,1104134
Puri,Puri Sadar,ଝିଙ୍କିରିଆଜଗନ୍ନାଥପୁର,1104079
Puri,Puri Sadar,ଟିକରସୋଡଭା,1104137
Puri,Puri Sadar,ଢୋଲା,1104083
Puri,Puri Sadar,ତଡାସରାମହଂସପୁର,1104080
Puri,Puri Sadar,ତଣ୍ଡିକେରା,1104186
Puri,Puri Sadar,ତଳଜଙ୍ଗ,1104047
Puri,Puri Sadar,ତୋଟାବାଡନରହରିପୁର,1104178
Puri,Puri Sadar,ଦଇତା ପଡା ସାହୀ,1104018
Puri,Puri Sadar,ଦଶବାଟିଆ,1104184
Puri,Puri Sadar,ଦାଇଲିବାଟି,1104096
Puri,Puri Sadar,ଦାମୋଦରପୁରଶାସନ,1104176
Puri,Puri Sadar,ଦାସଗୋବା,1104132
Puri,Puri Sadar,ଦୋଳଗୋବିନ୍ଦପୁର,1104131
Puri,Puri Sadar,ନଇଗୁଆ,1104105
Puri,Puri Sadar,ନବାଟିଆ,1104075
Puri,Puri Sadar,ନରସିଂହ ବଲ୍ଲଭ,1104050
Puri,Puri Sadar,ନହଡିଆ,1104073
Puri,Puri Sadar,ନାଉଡିକେରା,1104183
Puri,Puri Sadar,ନିଆରଖଣ୍ଡ,1104337
Puri,Puri Sadar,ନୂଆପଡା,1104122
Puri,Puri Sadar,ନୂଆପାଟଣା,1104347
Puri,Puri Sadar,ପଞ୍ଚମୁଁହା,1104346
Puri,Puri Sadar,ପଣ୍ଡାସୁର,1104157
Puri,Puri Sadar,ପରାଖଣ୍ଡ,1104338
Puri,Puri Sadar,ପଲି,1104111
Puri,Puri Sadar,ପାଇକେରାପୁର,1104082
Puri,Puri Sadar,ପାଟଜୋସିପୁର,1104091
Puri,Puri Sadar,ପାଣିଓରାଳୀ,1104072
Puri,Puri Sadar,ପାରିସାଗେଣା,1104343
Puri,Puri Sadar,ପୁରୀସହର ୟୁ. ନଂ12 ନୋଳିଆସାହି,1104002
Puri,Puri Sadar,ପୁରୀସହର ୟୁ.ନଂ 25 ଗାନ୍ଧୀଘାଟ,1104004
Puri,Puri Sadar,ପୁରୀସହର ୟୁ.ନଂ05 ବଳିଆପଣ୍ଡା,1104031
Puri,Puri Sadar,ପୁରୀସହର ୟୁ.ନଂ11 ବାଲୀସାହୀ ନଂ1,1104024
Puri,Puri Sadar,ପୁରୀସହର ୟୁ.ନଂ13 ବାଲୀସାହୀ ନଂ2,1104025
Puri,Puri Sadar,ପୁରୀସହର ୟୁ.ନଂ14 ମାଟିମଣ୍ଡପସାହି,1104035
Puri,Puri Sadar,ପୁରୀସହର ୟୁ.ନଂ15ଦୋଳମଣ୍ଡପସାହୀ ନଂ2,1104012
Puri,Puri Sadar,ପୁରୀସହର ୟୁ.ନଂ16 କାଳୀକାଦେବୀସାହି,1104030
Puri,Puri Sadar,ପୁରୀସହର ୟୁ.ନଂ17ଦୋଳମଣ୍ଡପସାହୀ ନଂ1,1104011
Puri,Puri Sadar,ପୁରୀସହର ୟୁ.ନଂ18 ଚୁଡଙ୍ଗସାହୀ,1104013
Puri,Puri Sadar,ପୁରୀସହର ୟୁ.ନଂ20 ଦାଣ୍ଡିମାଳ ସାହି,1104014
Puri,Puri Sadar,ପୁରୀସହର ୟୁ.ନଂ21 ବଳଗଣ୍ଡି,1104015
Puri,Puri Sadar,ପୁରୀସହର ୟୁ.ନଂ23 କୁଣ୍ଢାଇବେଣ୍ଟସାହୀ,1104016
Puri,Puri Sadar,ପୁରୀସହର ୟୁ.ନଂ26 ବାଙ୍କିମୁହାଣ,1104001
Puri,Puri Sadar,ପୁରୀସହର ୟୁ.ନଂ29 ଝାଡେଶ୍ଵରୀସାହୀ,1104017
Puri,Puri Sadar,ପୁରୀସହର ୟୁ.ନଂ3 ମଙ୍ଗଳାଘାଟ,1104027
Puri,Puri Sadar,ପୁରୀସହର ୟୁ.ନଂ33 ସିଦ୍ଧମହାବୀର,1104007
Puri,Puri Sadar,ପୁରୀସହର ୟୁ.ନଂ34 ବାଲୁଖଣ୍ଡ,1104008
Puri,Puri Sadar,ପୁରୀସହର ୟୁ.ନଂ6 ଗଉଡବାଡସାହୀ,1104034
Puri,Puri Sadar,ପୁରୀସହର ୟୁ.ନଂ8 ବାସୁଳୀସାହୀ,1104026
Puri,Puri Sadar,ପୁରୀସହର ୟୁ.ନଂ9 ବଡଦେଉଳ ସାହୀ,1104036
Puri,Puri Sadar,ପୁରୀସହରୟୁ.ନଂ02ମାର୍କଣ୍ଡଶ୍ଵରସାହୀନଂ2,1104023
Puri,Puri Sadar,ପୁରୀସହରୟୁ.ନଂ10 ମଣିକର୍ଣ୍ଣୀକାସାହୀ,1104028
Puri,Puri Sadar,ପୁରୀସହରୟୁ.ନଂ19ମାର୍କଣ୍ଡଶ୍ଵରସାହୀନଂ1,1104022
Puri,Puri Sadar,ପୁରୀସହରୟୁ.ନଂ24ସାମନ୍ତଚନ୍ଦ୍ରଶେଖରନଗର,1104003
Puri,Puri Sadar,ପୁରୀସହରୟୁ.ନଂ27 ଚକ୍ରତୀର୍ଥ,1104005
Puri,Puri Sadar,ପୁରୀସହରୟୁ.ନଂ28 ତାଳବଣିଆ,1104010
Puri,Puri Sadar,ପୁରୀସହରୟୁ.ନଂ32କୁମୁଟୀପାଟଣା,1104006
Puri,Puri Sadar,ପୁରୁଣାକୋରଙ୍ଗା,1104146
Puri,Puri Sadar,ପୁରୁଷୋତ୍ତମ ବଲ୍ଲଭ,1104045
Puri,Puri Sadar,ପୂରୀସହର ୟୁ.ନଂ01 ମାଟିତୋଟା,1104032
Puri,Puri Sadar,ପୂରୀସହର ୟୁ.ନଂ04 ଲୋକନାଥଘାଟ,1104029
Puri,Puri Sadar,ପୂରୀସହର ୟୁ.ନଂ7 ହରଚଣ୍ଡୀସାହି,1104033
Puri,Puri Sadar,ପ୍ରତାପପୁରୁଷୋତ୍ତମ ପୁର,1104141
Puri,Puri Sadar,ପ୍ରତାପରାମଚନ୍ଦ୍ରପୁର,1104155
Puri,Puri Sadar,ବଘା,1104100
Puri,Puri Sadar,ବରଣା,1104108
Puri,Puri Sadar,ବଲ୍ଲଭାନନ୍ଦ,1104173
Puri,Puri Sadar,ବଳଭଦ୍ରପୁର ଉତ୍ତରହଣା,1104177
Puri,Puri Sadar,ବାଙ୍ଗୁରବାଗଦାଧରପୁର,1104092
Puri,Puri Sadar,ବାଟଗାଁ,1104051
Puri,Puri Sadar,ବାଣିଆ କେରା,1104331
Puri,Puri Sadar,ବାରିମୁଳ,1104159
Puri,Puri Sadar,ବାଲିଆ,1104046
Puri,Puri Sadar,ବାଲିପଡା,1104090
Puri,Puri Sadar,ବାଲିପୁଟ,1104110
Puri,Puri Sadar,ବାଲିପୁଟ ସାମିଲ ଜଗନ୍ନାଥ ପୁର,1104112
Puri,Puri Sadar,ବାଲୁଖଣ୍ଡ,1104009
Puri,Puri Sadar,ବାସୁଦେଇପୁର,1104191
Puri,Puri Sadar,ବାସ୍ତୁ,1104061
Puri,Puri Sadar,ବିଜେରାମଚନ୍ଦ୍ର ପୁର,1104142
Puri,Puri Sadar,ବିଲପାରି ବିନ୍ଧା,1104058
Puri,Puri Sadar,ବୀରକିଶୋରପୁର,1104128
Puri,Puri Sadar,ବୀରନରସିଂହପୁର,1104154
Puri,Puri Sadar,ବୀରପ୍ରତାପପୁର,1104129
Puri,Puri Sadar,ବୀରବଳଭଦ୍ରପୁର,1104127
Puri,Puri Sadar,ବେତାଳ,1104103
Puri,Puri Sadar,ବେଦରପଡା,1104162
Puri,Puri Sadar,ବେଲଦଳ,1104066
Puri,Puri Sadar,ଭାଇଲପୁର,1104156
Puri,Puri Sadar,ଭାରଥୀ ପୁର,1104043
Puri,Puri Sadar,ଭିକାରିପଡା,1104084
Puri,Puri Sadar,ଭୁରୁଙ୍ଗିଆ,1104099
Puri,Puri Sadar,ମାଟିଆ ପଡା,1104020
Puri,Puri Sadar,ମାଢିପୁର,1104093
Puri,Puri Sadar,ମାର୍କଣ୍ଡପୁର,1104106
Puri,Puri Sadar,ମାଳତୀପାଟପୁର,1104138
Puri,Puri Sadar,ମାଳିକେରା,1104097
Puri,Puri Sadar,ମୋହିନୀ ପୁର,1104068
Puri,Puri Sadar,ରାଇଗୋରଡା,1104094
Puri,Puri Sadar,ରାହାଙ୍ଗୀରିଆ,1104055
Puri,Puri Sadar,ରେଣ୍ଡୁଅ,1104040
Puri,Puri Sadar,ରେବତୀରମଣ,1104175
Puri,Puri Sadar,ଲକ୍ଷଣପୁର,1104148
Puri,Puri Sadar,ଲକ୍ଷ୍ମୀନାରାୟଣପୁର,1104104
Puri,Puri Sadar,ଶଙ୍କରପୁର,1104187
Puri,Puri Sadar,ଶିଆରୋ,1104344
Puri,Puri Sadar,ଶିଉଳି,1104145
Puri,Puri Sadar,ସତେଇଶବାଟିଆ,1104161
Puri,Puri Sadar,ସମଙ୍ଗ,1104048
Puri,Puri Sadar,ସମଙ୍ଗରା,1104063
Puri,Puri Sadar,ସମଜାଜପୁର,1104136
Puri,Puri Sadar,ସାନଅଳିକିଆ,1104101
Puri,Puri Sadar,ସାନୁଆଁ,1104120
Puri,Puri Sadar,ସିଉଳିତୋଟା,1104147
Puri,Puri Sadar,ସିଙ୍ଗମାପୁର,1104135
Puri,Puri Sadar,ସିରୁଳି,1104339
Puri,Puri Sadar,ସିରେଇ କୋଣା,1104049
Puri,Puri Sadar,ସିରେଇ କୋଣା ପାଟଣା,1104062
Puri,Puri Sadar,ସୁଜନ ପୁର,1104340
Puri,Puri Sadar,ସୁନାମୁହୀଁ,1104053
Puri,Puri Sadar,ସୁନ୍ଦର,1104087
Puri,Puri Sadar,ହଁସାରୋ,1104345
Puri,Puri Sadar,ହନ୍ତକ,1104143
Puri,Puri Sadar,ହରେକୃଷ୍ଣ ପୁର,1104041
Puri,Satyabadi,ଅଠାଇସ,1107007
Puri,Satyabadi,ଅଲଣ୍ଡା ପଡା,1107054
Puri,Satyabadi,ଅଳଗୁମ,1107061
Puri,Satyabadi,ଆଳସାରଙ୍ଗ,1107056
Puri,Satyabadi,ଆଳିକୀଆ,1107049
Puri,Satyabadi,ଆଳିଶ,1107079
Puri,Satyabadi,ଇଚ୍ଛାପୁର,1107093
Puri,Satyabadi,ଓଟର କେରା,1107059
Puri,Satyabadi,କଦମ ପଡା,1107030
Puri,Satyabadi,କବିରାଜ ପୁର,1107032
Puri,Satyabadi,କାଞ୍ଜିଆ,1107001
Puri,Satyabadi,କାଦୁଆ,1107033
Puri,Satyabadi,କାହ୍ନୁପୁର,1107090
Puri,Satyabadi,କେତକୀ ପାଟଣା,1107052
Puri,Satyabadi,ଗଉଡହାଟ,1107074
Puri,Satyabadi,ଗୁଆଳି ଗୋରଡା,1107021
Puri,Satyabadi,ଗୋଲାବିଝେଇପଡା,1107088
Puri,Satyabadi,ଗ୍ରାମଖଣ୍ଡାଇତା,1107047
Puri,Satyabadi,ଘାସି ଭବାନିପୁର,1107065
Puri,Satyabadi,ଚଉଦବାଟିଆ,1107038
Puri,Satyabadi,ଚକ୍ରପଡା,1107041
Puri,Satyabadi,ଚନା ଗୋରଡା,1107031
Puri,Satyabadi,ଚାଳିସ ବାଟିଆ,1107095
Puri,Satyabadi,ଚୁରାଳି,1107080
Puri,Satyabadi,ଜୟପୁର,1107008
Puri,Satyabadi,ଡାଙ୍ଗୁରା,1107048
Puri,Satyabadi,ତଡାସ,1107078
Puri,Satyabadi,ତାଳପଡା,1107035
Puri,Satyabadi,ତେନ୍ତୁଳିଆ,1107005
Puri,Satyabadi,ତେରବାଟିଆ,1107092
Puri,Satyabadi,ତୋରାଣିଆ,1107014
Puri,Satyabadi,ଦାସ ବିଦ୍ୟାଧର ପୁର,1107091
Puri,Satyabadi,ଦିପଦେଉଳି,1107027
Puri,Satyabadi,ଦୁଗଲ,1107012
Puri,Satyabadi,ଦୋଖଣ୍ଡପୁର,1107081
Puri,Satyabadi,ଦୋହଣା,1107085
Puri,Satyabadi,ନରିନ୍ଦ୍ରପୁର,1107063
Puri,Satyabadi,ନୁଆସମସରପୁର,1107058
Puri,Satyabadi,ନୂଆ ବୁଢା କେରା,1107023
Puri,Satyabadi,ନୂଆବାଗଲ ପୁର,1107024
Puri,Satyabadi,ପଟୁଆରୀ,1107037
Puri,Satyabadi,ପଦ୍ମପୁର,1107053
Puri,Satyabadi,ପରଜା ପଡା,1107043
Puri,Satyabadi,ପରାହାଟ,1107057
Puri,Satyabadi,ପାଟକଣା,1107040
Puri,Satyabadi,ପାରକଣା,1107026
Puri,Satyabadi,ପୁରୁଣା ବୁଢା କେରା,1107022
Puri,Satyabadi,ପୁରୁଣା ସମସରପୁର,1107066
Puri,Satyabadi,ପୁରୁଣାବାଗଲ ପୁର,1107025
Puri,Satyabadi,ଫୁଲ ଅଳସା,1107003
Puri,Satyabadi,ବଡ ଭୀମଦାସପୁର,1107073
Puri,Satyabadi,ବଡହରିଶଙ୍କର ପୁର,1107036
Puri,Satyabadi,ବନପୁର,1107060
Puri,Satyabadi,ବରାଳ,1107016
Puri,Satyabadi,ବଳପୁର,1107015
Puri,Satyabadi,ବଳରାମ ପୁର ଗଡ,1107019
Puri,Satyabadi,ବସନ୍ତ ପୁର,1107094
Puri,Satyabadi,ବସ୍ତପଡା,1107067
Puri,Satyabadi,ବାଣପୁର,1107083
Puri,Satyabadi,ବାମଦେଇ ପୁର,1107011
Puri,Satyabadi,ବାମବରଡା,1107077
Puri,Satyabadi,ବିଜିପୁର,1107045
Puri,Satyabadi,ବିଦ୍ୟାଧର ପୁର,1107020
Puri,Satyabadi,ବିରାମଚନ୍ଦ୍ର ପୁର,1107029
Puri,Satyabadi,ବିଲିପଡା,1107042
Puri,Satyabadi,ବିଶ୍ଵନାଥ ଦେଉଳି,1107051
Puri,Satyabadi,ବିଶ୍ଵନାଥ ପୁର,1107009
Puri,Satyabadi,ବୀରଗୋବିନ୍ଦ ପୁର,1107006
Puri,Satyabadi,ବେଣାକେରା,1107064
Puri,Satyabadi,ବ୍ରହ୍ମପୁର,1107082
Puri,Satyabadi,ବ୍ରାହ୍ମଣ ପଡା,1107010
Puri,Satyabadi,ଭଟପୁର,1107034
Puri,Satyabadi,ଭୀମ ପୁର,1107096
Puri,Satyabadi,ଭୀମଦାସ ପୁରସାନ,1107072
Puri,Satyabadi,ମଝିକେରା,1107071
Puri,Satyabadi,ମହୁରା,1107050
Puri,Satyabadi,ମୁନିନ୍ଦା,1107017
Puri,Satyabadi,ମୂଳ ଅଳସା,1107004
Puri,Satyabadi,ଯଇରାମ ପୁର,1107070
Puri,Satyabadi,ଯୀପୁର,1107062
Puri,Satyabadi,ରାଏଖଣ୍ଡି,1107039
Puri,Satyabadi,ରାଏଚକ୍ରଧର ପୁର,1107013
Puri,Satyabadi,ଶୁକଳ,1107076
Puri,Satyabadi,ସତ୍ୟବାଦି ଓରଫପେଣ୍ଠପଡାଓରଫଗୋପାଳପୁରପାଟଣା,1107002
Puri,Satyabadi,ସଦାନନ୍ଦ ପୁର,1107028
Puri,Satyabadi,ସାଣ୍ଡରା ଶାସନ,1107068
Puri,Satyabadi,ସାନ ସୋଳହଳ,1107075
Puri,Satyabadi,ସାରଙ୍ଗ ଯୋଡି,1107018
Puri,Satyabadi,ସିଂଘାକୁଦା,1107087
Puri,Satyabadi,ସିରାମଚନ୍ଦ୍ର ପୁର,1107055
Puri,Satyabadi,ସୁଆଁଲୋ,1107044
Puri,Satyabadi,ସୁଆଣ୍ଡୋ,1107046
Puri,Satyabadi,ସୁରୁଜପୁର,1107084
Puri,Satyabadi,ସୋଳହଳ,1107089
Puri,Satyabadi,ହାଟପଡା,1107086
Puri,Satyabadi,ହିରଣପଡା,1107069
